time,wdir,gust,ws,rain,press,atemp,hum,dew
2019-02-07 14:14:15,120,8.16,0,0,1023.08,10.6,61.215,3.463
2019-02-07 14:24:10,75,3.42,0,0,1023.18,10.5,61.299,3.388
2019-02-07 14:34:16,115,3.04,0,0,1023.24,10.5,61.451,3.423
2019-02-07 14:44:12,55,7.1,3.94,0,1023.33,10.5,61.497,3.434
2019-02-07 14:54:11,116,6.02,4.37,0,1023.51,10.4,61.619,3.367
2019-02-07 15:04:17,107,8.83,3.93,0,1023.61,10.4,62.008,3.456
2019-02-07 15:14:13,127,11.2,3.94,0,1023.65,10.5,62.39,3.637
2019-02-07 15:24:18,129,10.31,3.48,0,1023.73,10.5,62.39,3.637
2019-02-07 15:34:13,118,5.4,2.62,0,1023.93,10.5,62.283,3.613
2019-02-07 15:44:15,86,6.73,5.24,0,1024.13,10.5,62.428,3.646
2019-02-07 15:54:15,94,12.11,3.49,0,1024.21,10.6,62.748,3.813
2019-02-07 16:04:16,92,10.3,2.62,0,1024.23,10.9,63.679,4.306
2019-02-07 16:14:21,111,12.85,10.92,0,1024.39,11.5,65.03,5.174
2019-02-07 16:24:17,103,13.55,6.99,0,1024.41,12.1,65.289,5.801
2019-02-07 16:34:17,107,16.34,8.73,0,1024.29,12.5,65.35,6.194
2019-02-07 16:44:17,123,17.64,11.8,0,1024.43,13.2,65.922,6.985
2019-02-07 16:54:23,130,14.22,7.43,0,1024.45,13.9,66.227,7.718
2019-02-07 17:04:19,114,20.77,6.56,0,1024.39,14.3,65.442,7.923
2019-02-07 17:14:24,129,23.39,11.79,0,1024.39,14.5,63.962,7.778
2019-02-07 17:24:24,124,24.92,8.74,0,1024.41,14.5,62.649,7.475
2019-02-07 17:34:20,130,26.78,11.37,0,1024.45,14.4,61.467,7.103
2019-02-07 17:44:25,124,26.45,10.48,0,1024.43,14.3,60.483,6.774
2019-02-07 17:54:21,127,24.86,10.93,0,1024.69,14.2,59.605,6.468
2019-02-07 18:04:26,122,17.31,11.77,0,1024.61,14.2,59.857,6.529
2019-02-07 18:14:22,121,30.63,6.11,0,1024.57,14.2,60.002,6.564
2019-02-07 18:24:27,114,20.08,4.81,0,1024.39,14.3,60.246,6.717
2019-02-07 18:34:23,127,23.54,13.1,0,1024.51,14.5,60.315,6.922
2019-02-07 18:44:24,141,23.05,12.66,0,1024.61,14.7,60.36,7.121
2019-02-07 18:54:24,134,24.44,17.02,0,1024.61,14.8,59.613,7.033
2019-02-07 19:04:24,140,22.13,13.55,0,1024.63,14.8,59.178,6.927
2019-02-07 19:14:29,130,22.89,19.66,0,1024.45,14.9,58.69,6.9
2019-02-07 19:24:25,130,23.14,13.11,0,1024.55,14.9,58.735,6.911
2019-02-07 19:34:31,151,26.06,13.99,0,1024.43,15,58.4,6.922
2019-02-07 19:44:27,135,25.69,15.27,0,1024.39,15.2,57.904,6.985
2019-02-07 19:54:27,126,21.38,10.05,0,1024.29,15.4,58.293,7.27
2019-02-07 20:04:27,138,26.38,13.55,0,1024.25,15.4,57.362,7.035
2019-02-07 20:14:27,142,19.59,4.37,0,1024.19,15.5,56.653,6.948
2019-02-07 20:24:33,131,22.67,13.12,0,1024.17,15.5,56.401,6.883
2019-02-07 20:34:28,137,23.09,8.3,0,1024.01,15.5,56.05,6.792
2019-02-07 20:44:34,124,17.82,5.68,0,1023.87,15.5,56.759,6.975
2019-02-07 20:54:29,130,15.68,6.12,0,1023.71,15.7,57.232,7.282
2019-02-07 21:04:29,159,14.98,6.11,0,1023.47,15.9,57.156,7.45
2019-02-07 21:14:31,229,9.61,5.24,0,1023.47,16.2,57.652,7.856
2019-02-07 21:24:31,251,10.79,3.49,0,1023.22,16.7,58.529,8.546
2019-02-07 21:34:36,271,10.57,1.75,0,1023.14,17.1,59.117,9.068
2019-02-07 21:44:31,286,9.11,0,0,1023.1,17.6,59.475,9.626
2019-02-07 21:54:37,234,13.67,3.94,0,1022.92,18,59.353,9.97
2019-02-07 22:04:32,228,12.52,8.3,0,1022.78,18.3,58.445,10.022
2019-02-07 22:14:33,235,13.31,8.3,0,1022.74,18.6,58.064,10.204
2019-02-07 22:24:34,249,13.49,6.12,0,1022.62,18.9,58.278,10.54
2019-02-07 22:34:35,227,14.73,7.44,0,1022.6,19.1,56.943,10.38
2019-02-07 22:44:35,220,14.28,6.12,0,1022.62,19.3,56.256,10.385
2019-02-07 22:54:36,224,13.85,6.99,0,1022.42,19.5,55.951,10.489
2019-02-07 23:04:42,233,15.49,4.81,0,1022.4,19.6,55.501,10.462
2019-02-07 23:14:38,251,12.51,3.5,0,1022.4,19.6,54.959,10.315
2019-02-07 23:24:39,230,13.57,4.37,0,1022.28,19.7,55.508,10.557
2019-02-07 23:34:44,241,11.01,3.92,0,1022.28,19.8,55.668,10.693
2019-02-07 23:44:39,237,10.75,4.81,0,1022.28,19.9,55.195,10.658
2019-02-07 23:54:44,225,11.09,6.11,0,1022.28,19.9,54.997,10.604
2019-02-08 00:04:39,292,11.73,4.81,0,1022.26,19.9,55.089,10.629
2019-02-08 00:14:45,300,8.59,4.81,0,1022.2,19.8,54.974,10.505
2019-02-08 00:24:41,296,9.79,4.37,0,1022.18,19.7,54.555,10.297
2019-02-08 00:34:41,301,7.44,3.93,0,1022.06,19.6,54.745,10.257
2019-02-08 00:44:41,307,9.47,4.81,0,1022.06,19.4,54.211,9.925
2019-02-08 00:54:41,306,9.69,3.06,0,1021.94,19.2,53.784,9.622
2019-02-08 01:04:42,302,8.01,3.5,0,1021.92,18.9,53.99,9.401
2019-02-08 01:14:42,305,6.94,3.93,0,1021.81,18.6,53.425,8.968
2019-02-08 01:24:43,310,7.45,1.74,0,1021.87,18.4,53.7,8.858
2019-02-08 01:34:43,305,6.31,1.31,0,1021.85,18.1,53.799,8.608
2019-02-08 01:44:44,317,5.44,3.06,0,1021.75,17.9,54.005,8.479
2019-02-08 01:54:44,294,4.73,1.31,0,1021.81,17.7,54.196,8.345
2019-02-08 02:04:44,307,6.25,2.62,0,1021.75,17.5,54.104,8.135
2019-02-08 02:14:45,317,8.62,7,0,1021.79,17.3,54.059,7.937
2019-02-08 02:24:46,44,8.06,5.24,0,1021.87,17.1,54.204,7.791
2019-02-08 02:34:51,48,6.75,2.19,0,1021.94,16.9,54.318,7.636
2019-02-08 02:44:46,38,6.49,4.37,0,1022.04,16.8,54.516,7.597
2019-02-08 02:54:52,50,7.55,2.62,0,1021.89,16.6,54.867,7.505
2019-02-08 03:04:53,35,5.65,3.5,0,1021.94,16.4,54.829,7.309
2019-02-08 03:14:49,36,5.82,4.37,0,1021.85,16.3,54.753,7.196
2019-02-08 03:24:50,30,5.47,2.19,0,1021.81,16.2,55.31,7.25
2019-02-08 03:34:50,76,4.48,1.75,0,1021.77,16,55.394,7.086
2019-02-08 03:44:50,69,4.8,2.62,0,1021.79,15.9,55.378,6.989
2019-02-08 03:54:50,73,5.37,2.62,0,1021.69,15.7,55.47,6.827
2019-02-08 04:04:56,65,6.34,3.93,0,1021.71,15.5,55.668,6.693
2019-02-08 04:14:52,41,4.84,0.44,0,1021.79,15.4,56.073,6.705
2019-02-08 04:24:52,58,3.45,0,0,1021.77,15.4,56.622,6.846
2019-02-08 04:34:53,210,2.66,1.31,0,1021.73,15.4,57.171,6.987
2019-02-08 04:44:53,165,3,0,0,1021.83,15.5,57.347,7.125
2019-02-08 04:54:53,120,3.81,3.06,0,1021.75,15.5,57.362,7.129
2019-02-08 05:04:54,129,4.43,3.5,0,1021.69,15.5,57.408,7.14
2019-02-08 05:14:54,130,7.65,4.37,0,1021.77,15.4,57.416,7.049
2019-02-08 05:24:54,120,11.41,6.11,0,1021.53,15.3,57.293,6.924
2019-02-08 05:34:55,126,13.62,7.43,0,1021.43,15.2,56.691,6.678
2019-02-08 05:44:55,131,12.33,8.74,0,1021.37,15.1,56.431,6.518
2019-02-08 05:54:55,128,11.42,5.67,0,1021.25,14.9,56.317,6.302
2019-02-08 06:04:55,149,12.81,7,0,1021.17,14.8,55.76,6.065
2019-02-08 06:14:56,143,14.41,5.24,0,1021.11,14.6,55.401,5.786
2019-02-08 06:25:01,139,12.91,6.99,0,1021.17,14.5,55.615,5.748
2019-02-08 06:34:57,134,14.01,8.7,0,1021.05,14.4,55.722,5.683
2019-02-08 06:44:57,121,12.17,6.11,0,1021.03,14.3,55.691,5.582
2019-02-08 06:54:57,123,8.42,3.94,0,1021.03,14.2,55.607,5.467
2019-02-08 07:04:58,101,9,3.49,0,1020.81,14.1,55.867,5.441
2019-02-08 07:14:58,292,2.9,0,0,1020.75,14,55.913,5.36
2019-02-08 07:25:00,205,6.99,3.93,0,1020.93,14.1,55.852,5.437
2019-02-08 07:35:05,117,12.19,5.24,0,1020.93,14,56.073,5.401
2019-02-08 07:45:00,131,13.32,2.62,0,1020.85,14,55.829,5.338
2019-02-08 07:55:06,147,18.56,4.81,0,1020.81,13.9,55.935,5.272
2019-02-08 08:05:07,146,9.73,4.37,0,1020.73,13.9,55.516,5.164
2019-02-08 08:15:03,119,12.83,4.37,0,1020.65,13.9,56.172,5.333
2019-02-08 08:25:08,113,14.4,8.3,0,1020.63,13.8,56.286,5.269
2019-02-08 08:35:03,157,11.62,5.68,0,1020.75,13.8,56.294,5.271
2019-02-08 08:45:10,124,5.66,0,0,1020.43,13.9,56.561,5.432
2019-02-08 08:55:05,111,0,0,0,1020.43,13.8,56.759,5.389
2019-02-08 09:05:06,139,6.8,4.37,0,1020.45,13.9,56.904,5.519
2019-02-08 09:15:11,132,8.82,3.06,0,1020.39,13.9,57.118,5.572
2019-02-08 09:25:07,120,8.25,1.75,0,1020.37,13.9,57.332,5.626
2019-02-08 09:35:12,133,12,6.56,0,1020.37,14,57.568,5.779
2019-02-08 09:45:08,126,11.67,9.17,0,1020.15,14,57.751,5.825
2019-02-08 09:55:13,123,13.93,3.49,0,1020.13,14,57.835,5.845
2019-02-08 10:05:08,131,14.67,5.25,0,1019.98,14,57.82,5.842
2019-02-08 10:15:14,137,11.79,9.16,0,1019.92,14,57.766,5.828
2019-02-08 10:25:10,133,13.79,7,0,1019.88,13.9,57.789,5.741
2019-02-08 10:35:10,129,13.27,7.87,0,1019.82,13.9,57.889,5.765
2019-02-08 10:45:15,130,13.34,10.93,0,1019.56,13.8,57.988,5.696
2019-02-08 10:55:11,126,15.24,6.55,0,1019.3,13.8,58.133,5.732
2019-02-08 11:05:17,129,16.45,9.18,0,1019.26,13.7,58.255,5.669
2019-02-08 11:15:13,126,12.3,9.18,0,1019.16,13.7,58.354,5.693
2019-02-08 11:25:13,136,12.98,6.99,0,1019.06,13.7,58.415,5.708
2019-02-08 11:35:13,134,9.02,5.24,0,1018.94,13.6,58.491,5.633
2019-02-08 11:45:13,125,8.19,3.5,0,1018.8,13.6,58.529,5.643
2019-02-08 11:55:13,122,8.35,5.68,0,1018.7,13.5,58.537,5.551
2019-02-08 12:05:14,121,13.69,6.55,0,1018.46,13.4,58.545,5.459
2019-02-08 12:15:15,116,12.13,8.74,0,1018.46,13.3,58.674,5.397
2019-02-08 12:25:15,130,13.48,7.43,0,1018.4,13.2,58.857,5.348
2019-02-08 12:35:16,130,19.78,12.23,0,1018.3,13.2,58.888,5.356
2019-02-08 12:45:16,123,21.71,7.43,0,1018.23,13.1,59.041,5.299
2019-02-08 12:55:16,120,17.44,10.49,0,1018.09,13,59.094,5.218
2019-02-08 13:05:21,114,15.33,6.12,0,1017.99,12.9,59.308,5.176
2019-02-08 13:15:17,130,19.86,13.1,0,1017.95,12.8,59.445,5.115
2019-02-08 13:25:17,128,17.19,9.59,0,1017.89,12.8,59.567,5.145
2019-02-08 13:35:18,129,22.38,11.8,0,1017.99,12.8,59.758,5.19
2019-02-08 13:45:18,135,21.57,11.77,0,1017.85,12.8,60.063,5.263
2019-02-08 13:55:18,135,27.41,10.05,0,1017.85,12.8,60.269,5.312
2019-02-08 14:05:18,129,22.39,11.31,0,1017.75,12.8,60.551,5.379
2019-02-08 14:15:23,137,22.35,13.98,0,1017.71,12.8,60.711,5.417
2019-02-08 14:25:24,137,24.42,15.66,0,1017.71,12.8,60.902,5.462
2019-02-08 14:35:24,135,52.6,9.17,0,1017.59,12.8,61.085,5.506
2019-02-08 14:45:19,133,28.69,8.31,0,1017.59,12.8,61.169,5.525
2019-02-08 14:55:20,127,27.88,15.27,0,1017.43,12.7,61.329,5.469
2019-02-08 15:05:20,128,24.05,5.24,0,1017.41,12.7,61.482,5.504
2019-02-08 15:15:21,151,21.91,8.73,0,1017.51,12.7,61.619,5.536
2019-02-08 15:25:26,150,20.73,7.42,0,1017.61,12.7,61.871,5.595
2019-02-08 15:35:37,148,17.45,10.48,0,1017.69,12.7,61.81,5.581
2019-02-08 15:45:27,137,25.34,12.66,0,1017.59,12.7,61.848,5.59
2019-02-08 15:55:23,133,32.87,15.23,0,1017.45,12.7,62.016,5.629
2019-02-08 16:05:28,146,28.97,16.98,0,1017.53,12.7,62.146,5.659
2019-02-08 16:15:24,137,29.5,13.54,0,1017.55,12.7,62.306,5.696
2019-02-08 16:25:25,131,31.3,12.22,0,1017.57,12.8,62.504,5.836
2019-02-08 16:35:30,128,25.44,17.47,0,1017.55,12.9,62.733,5.983
2019-02-08 16:45:26,132,24.37,9.18,0,1017.49,12.9,62.947,6.032
2019-02-08 16:55:31,130,27.89,12.67,0,1017.35,13,63.092,6.16
2019-02-08 17:05:26,126,33.47,6.56,0,1017.29,13.1,63.298,6.301
2019-02-08 17:15:31,125,31.16,7.87,0,1017.15,13.1,63.29,6.3
2019-02-08 17:25:28,138,30.4,12.21,0,1017.15,13.2,63.45,6.431
2019-02-08 17:35:28,126,26.72,13.55,0,1017.05,13.3,63.557,6.55
2019-02-08 17:45:28,136,27.01,10.04,0,1016.89,13.3,63.595,6.558
2019-02-08 17:55:29,134,24.63,8.74,0,1016.78,13.4,63.832,6.707
2019-02-08 18:05:35,137,29.38,11.8,0,1016.6,13.5,64.03,6.847
2019-02-08 18:15:30,124,28.69,17.02,0,1016.58,13.6,64.007,6.936
2019-02-08 18:25:36,134,30.93,23.16,0,1016.5,13.7,64.107,7.053
2019-02-08 18:35:31,137,29.33,9.18,0,1016.38,13.9,64.175,7.258
2019-02-08 18:45:32,142,28.17,10.47,0,1016.42,14,64.122,7.341
2019-02-08 18:55:37,138,28.39,17.04,0,1016.26,14.1,63.908,7.387
2019-02-08 19:05:33,135,35.92,13.56,0,1016.14,14.2,63.557,7.401
2019-02-08 19:15:38,141,24.18,17.47,0,1015.96,14.2,63.359,7.356
2019-02-08 19:25:34,136,26.08,9.17,0,1015.86,14.2,63.275,7.336
2019-02-08 19:35:39,144,26.24,10.49,0,1015.74,14.3,63.122,7.396
2019-02-08 19:45:35,134,22.98,12.67,0,1015.6,14.3,62.893,7.343
2019-02-08 19:55:35,133,20.67,14.86,0,1015.26,14.3,62.825,7.327
2019-02-08 20:05:36,130,25.15,9.62,0,1015.26,14.4,62.756,7.405
2019-02-08 20:15:36,142,26.55,6.55,0,1014.94,14.4,62.642,7.379
2019-02-08 20:25:41,142,21.9,8.74,0,1014.53,14.4,62.52,7.35
2019-02-08 20:35:37,150,12.84,4.8,0,1014.45,14.4,62.512,7.348
2019-02-08 20:45:52,145,12.92,5.68,0,1014.43,14.4,62.581,7.364
2019-02-08 20:55:38,149,10.64,4.37,0.14,1014.43,14.5,62.634,7.471
2019-02-08 21:05:38,149,10.98,3.93,0.14,1014.55,14.5,62.718,7.491
2019-02-08 21:15:38,158,8.91,3.5,0.279,1014.57,14.5,62.825,7.516
2019-02-08 21:25:39,220,7,2.62,0.279,1014.53,14.6,62.947,7.638
2019-02-08 21:35:39,214,12.64,5.68,0.559,1014.45,14.6,63.26,7.711
2019-02-08 21:45:39,136,8.95,5.68,0.559,1014.29,14.6,63.405,7.744
2019-02-08 21:55:40,148,12.4,8.74,0.698,1014.19,14.6,63.733,7.82
2019-02-08 22:05:41,140,11.59,10.05,0.698,1014.09,14.6,63.618,7.794
2019-02-08 22:15:42,137,11.2,8.31,0.559,1013.85,14.5,63.527,7.678
2019-02-08 22:25:42,91,12.43,6.56,0.559,1013.69,14.5,63.42,7.653
2019-02-08 22:35:47,117,13.47,3.94,0.559,1013.51,14.5,63.344,7.636
2019-02-08 22:45:43,113,22.18,14.42,0.559,1013.15,14.4,63.26,7.522
2019-02-08 22:55:43,119,24.31,7.86,0.559,1013.21,14.3,63.061,7.382
2019-02-08 23:05:43,109,33,7.87,0.279,1013.02,14.2,63.031,7.28
2019-02-08 23:15:44,124,31.54,18.34,0.279,1012.82,14.1,62.962,7.17
2019-02-08 23:35:45,128,33.66,20.54,0.279,1012.54,13.9,63.199,7.035
2019-02-08 23:45:45,140,36.3,6.99,0.14,1012.62,13.8,63.321,6.969
2019-02-08 23:55:50,128,24.34,10.92,0,1012.42,13.7,63.313,6.872
2019-02-09 00:05:46,127,24.45,6.12,0,1012.26,13.7,63.58,6.933
2019-02-09 00:15:52,130,29.65,6.55,0,1012.22,13.7,63.839,6.993
2019-02-09 00:25:48,133,25.99,10.49,0,1012.26,13.7,64.198,7.074
2019-02-09 00:35:53,127,19.94,6.99,0,1012.28,13.7,64.572,7.159
2019-02-09 00:45:49,130,21.89,7.43,0,1012.22,13.8,64.908,7.329
2019-02-09 00:55:50,128,22.88,12.67,0,1012.24,13.9,65.037,7.453
2019-02-09 01:05:55,118,24.99,9.62,0,1012.16,13.9,65.068,7.46
2019-02-09 01:15:51,129,23.46,16.6,0,1012,13.9,65.19,7.487
2019-02-09 01:25:57,132,28.49,7,0,1012.06,13.9,65.205,7.491
2019-02-09 01:35:53,125,22.36,13.56,0,1012.04,13.9,65.243,7.499
2019-02-09 01:45:58,141,28.88,10.47,0,1011.92,13.8,64.969,7.343
2019-02-09 01:55:54,140,23.84,10.48,0,1011.78,13.8,64.999,7.35
2019-02-09 02:05:54,131,26.47,19.22,0,1011.72,13.7,64.999,7.255
2019-02-09 02:15:54,128,26.38,17.03,0,1011.72,13.6,65.014,7.163
2019-02-09 02:25:55,128,29.66,7.44,0,1011.92,13.6,65.121,7.187
2019-02-09 02:36:00,129,28.96,8.31,0,1011.76,13.5,65.152,7.099
2019-02-09 02:45:55,137,30.34,12.65,0,1011.9,13.5,65.251,7.121
2019-02-09 02:56:00,135,25.72,10.06,0,1011.92,13.4,65.274,7.031
2019-02-09 03:05:56,141,29.99,11.36,0,1011.88,13.4,65.22,7.019
2019-02-09 03:15:57,129,26.17,9.61,0,1011.98,13.4,65.144,7.002
2019-02-09 03:25:58,142,25.55,7.43,0,1011.96,13.4,65.243,7.025
2019-02-09 03:35:59,132,16.66,6.54,0,1012,13.3,65.342,6.952
2019-02-09 03:46:04,124,19.05,10.49,0,1011.96,13.4,65.342,7.047
2019-02-09 03:55:59,108,18,4.81,0,1011.9,13.4,65.373,7.053
2019-02-09 04:06:05,67,14.59,9.61,0,1011.96,13.3,65.426,6.97
2019-02-09 04:16:00,59,10.96,3.93,0,1012.04,13.4,65.495,7.081
2019-02-09 04:26:00,75,11.93,6.11,0,1012.1,13.4,65.541,7.091
2019-02-09 04:36:02,70,11.63,7.43,0,1011.96,13.4,65.701,7.126
2019-02-09 04:46:01,90,13.45,4.79,0,1011.88,13.4,65.754,7.138
2019-02-09 04:56:02,110,13.51,4.37,0,1011.88,13.5,65.762,7.235
2019-02-09 05:06:02,97,14.3,6.12,0,1011.88,13.5,65.938,7.274
2019-02-09 05:16:07,102,14.9,7.42,0,1011.94,13.4,65.915,7.174
2019-02-09 05:26:02,83,15.63,6.12,0,1011.98,13.4,66.006,7.194
2019-02-09 05:36:02,78,16.28,8.74,0,1011.96,13.4,66.121,7.219
2019-02-09 05:46:03,89,15.23,7.87,0,1012.1,13.4,66.075,7.209
2019-02-09 05:56:04,93,14.37,9.16,0,1011.98,13.3,66.044,7.107
2019-02-09 06:06:04,94,14.4,6.56,0,1011.82,13.3,66.151,7.131
2019-02-09 06:16:05,86,10.76,4.37,0,1011.84,13.3,66.052,7.109
2019-02-09 06:26:11,34,10.38,3.5,0,1011.86,13.3,66.098,7.119
2019-02-09 06:36:07,71,8.21,4.37,0,1011.88,13.3,66.098,7.119
2019-02-09 06:46:07,68,9.06,5.23,0,1011.8,13.4,66.304,7.259
2019-02-09 06:56:07,71,13.84,1.31,0,1011.8,13.4,66.548,7.313
2019-02-09 07:06:09,79,7.53,2.19,0,1011.74,13.4,66.571,7.318
2019-02-09 07:16:09,57,13.9,6.55,0,1011.86,13.5,66.876,7.48
2019-02-09 07:26:09,60,17.16,10.89,0,1011.76,13.4,66.853,7.38
2019-02-09 07:36:15,72,18.1,10.93,0,1011.66,13.4,66.853,7.38
2019-02-09 07:46:10,69,17.7,10.49,0,1011.88,13.3,66.792,7.271
2019-02-09 07:56:11,69,16.88,6.1,0,1011.9,13.2,66.807,7.179
2019-02-09 08:06:12,77,16.06,6.12,0,1011.84,13.2,66.845,7.188
2019-02-09 08:16:13,64,18.09,6.56,0,1011.82,13.1,66.784,7.079
2019-02-09 08:26:13,68,16.11,6.99,0,1011.74,13,66.853,6.999
2019-02-09 08:36:15,97,16.69,7.87,0,1011.76,13,66.922,7.014
2019-02-09 08:46:20,108,14.57,8.3,0,1011.72,12.9,66.716,6.874
2019-02-09 08:56:15,134,13.43,7.42,0,1011.9,12.9,66.563,6.84
2019-02-09 09:06:17,146,12.73,3.06,0,1011.9,12.8,66.639,6.762
2019-02-09 09:16:17,75,6.43,0,0,1012,12.8,66.548,6.742
2019-02-09 09:26:18,56,6.91,3.5,0,1012,12.8,66.609,6.755
2019-02-09 09:36:19,57,6.08,1.75,0,1012.1,12.9,66.823,6.897
2019-02-09 09:46:19,39,5.45,3.06,0,1012.04,12.9,67.021,6.94
2019-02-09 09:56:24,82,4.4,0,0,1011.86,13,67.166,7.067
2019-02-09 10:06:19,118,4.42,3.06,0,1011.82,13,67.212,7.077
2019-02-09 10:16:25,76,6.12,3.93,0,1011.63,12.9,67.12,6.962
2019-02-09 10:26:20,115,10.55,7.87,0,1011.43,12.9,67.044,6.945
2019-02-09 10:36:21,123,11.14,2.18,0,1011.57,12.8,66.998,6.84
2019-02-09 10:46:21,327,2.94,1.31,0,1011.66,12.7,66.769,6.695
2019-02-09 10:56:21,161,3.73,3.06,0,1011.86,12.6,66.746,6.595
2019-02-09 11:06:28,165,4.25,1.75,0.14,1011.78,12.5,66.632,6.475
2019-02-09 11:16:23,59,2.23,0,0.14,1011.82,12.5,66.662,6.481
2019-02-09 11:26:28,98,6.15,3.06,0.14,1011.7,12.5,67.151,6.587
2019-02-09 11:36:24,90,9.56,7.39,0.14,1011.64,12.6,67.448,6.747
2019-02-09 11:46:24,83,11.39,4.37,0.14,1011.66,12.6,67.662,6.792
2019-02-09 11:56:25,88,7.25,5.24,0.14,1011.63,12.6,67.524,6.763
2019-02-09 12:06:26,94,10.06,5.67,0.14,1011.63,12.5,67.463,6.654
2019-02-09 12:16:30,103,9.17,6.12,0,1011.49,12.4,67.463,6.559
2019-02-09 12:26:26,119,20.12,5.24,0,1011.41,12.5,67.555,6.674
2019-02-09 12:36:32,159,6.92,1.75,0,1011.55,12.5,67.463,6.654
2019-02-09 12:46:27,165,3.14,0,0,1011.63,12.5,67.38,6.636
2019-02-09 12:56:28,120,0,0,0,1011.63,12.5,67.357,6.632
2019-02-09 13:06:29,100,3.75,3.5,0,1011.66,12.5,67.38,6.636
2019-02-09 13:16:30,112,3.31,1.31,0,1011.76,12.5,67.25,6.609
2019-02-09 13:26:30,83,3.82,2.62,0,1011.86,12.5,67.433,6.648
2019-02-09 13:36:30,98,8.77,4.8,0,1011.82,12.5,67.814,6.73
2019-02-09 13:46:39,98,10.75,6.99,0,1011.78,12.5,67.898,6.748
2019-02-09 13:56:32,95,9,3.5,0,1011.92,12.5,67.929,6.754
2019-02-09 14:06:32,87,8.88,5.23,0,1011.96,12.5,67.891,6.746
2019-02-09 14:16:33,29,15.3,11.36,0,1012.16,12.5,68.356,6.845
2019-02-09 14:26:34,95,15.11,2.19,0.279,1012.18,12.5,68.234,6.819
2019-02-09 14:36:34,113,6.94,3.91,0.419,1012.22,12.5,68.341,6.842
2019-02-09 14:46:34,152,7.26,3.06,0.559,1012.14,12.5,68.158,6.803
2019-02-09 14:56:34,139,6.14,3.04,0.559,1012.12,12.5,68.326,6.839
2019-02-09 15:06:34,165,4.81,0.87,0.559,1012.32,12.5,68.181,6.808
2019-02-09 15:16:35,130,0,0,0.559,1012.54,12.5,68.104,6.792
2019-02-09 15:26:36,120,3.01,2.18,0.419,1012.6,12.5,68.127,6.797
2019-02-09 15:36:37,165,3.07,0,0.14,1012.66,12.5,68.089,6.788
2019-02-09 15:46:37,120,0,0,0.14,1012.9,12.5,68.112,6.793
2019-02-09 15:56:38,162,4.08,3.06,0,1012.86,12.5,68.28,6.829
2019-02-09 16:06:39,142,4.13,0.87,0,1012.94,12.6,68.188,6.905
2019-02-09 16:16:39,153,3.59,1.75,0,1013.06,13,69.241,7.51
2019-02-09 16:26:39,206,8.11,5.24,0,1013.07,13.9,71.637,8.872
2019-02-09 16:36:39,151,8.11,3.5,0,1013.17,14.9,72.773,10.066
2019-02-09 16:46:40,212,9.02,3.93,0,1013.25,15.3,71.744,10.238
2019-02-09 16:56:40,220,9.17,5.24,0,1013.35,15.3,70.653,10.009
2019-02-09 17:06:41,217,9.29,1.75,0,1013.51,15.3,70.401,9.956
2019-02-09 17:16:41,210,9.22,4.81,0,1013.45,15.5,70.775,10.227
2019-02-09 17:26:41,218,18.04,7,0,1013.51,15.7,70.408,10.341
2019-02-09 17:36:41,240,16.25,3.5,0,1013.71,15.7,69.821,10.215
2019-02-09 17:46:42,228,18.02,7.39,0,1013.61,15.8,69.394,10.219
2019-02-09 17:56:42,219,18.13,8.3,0,1013.67,15.8,69.134,10.164
2019-02-09 18:06:42,221,21.96,14.86,0,1013.73,15.9,68.86,10.2
2019-02-09 18:16:42,222,21.5,13.98,0,1013.79,16,68.432,10.202
2019-02-09 18:26:43,221,23.6,16.58,0,1013.75,16,67.753,10.053
2019-02-09 18:36:43,223,25.14,10.49,0,1013.67,16,67.265,9.946
2019-02-09 18:46:43,218,28.29,13.11,0,1013.79,15.9,66.67,9.718
2019-02-09 18:56:44,225,31.07,13.96,0,1013.69,15.8,65.999,9.473
2019-02-09 19:06:44,223,25.99,14.87,0,1013.65,15.7,65.945,9.366
2019-02-09 19:16:46,236,28.4,5.24,0,1013.65,15.5,65.922,9.171
2019-02-09 19:26:45,266,20.14,1.75,0.14,1013.59,15.5,66.121,9.215
2019-02-09 19:36:46,230,26.58,13.07,0.14,1013.47,15.4,66.197,9.137
2019-02-09 19:46:46,232,34.47,16.17,0.14,1013.35,15.4,66.029,9.1
2019-02-09 19:56:46,223,33.08,20.09,0.14,1013.15,15.4,66.014,9.096
2019-02-09 20:06:47,237,36.42,14.39,0.14,1013.39,15.3,65.892,8.974
2019-02-09 20:16:53,275,41.76,7.84,0.419,1013.39,15.3,66.456,9.1
2019-02-09 20:26:48,257,25.97,3.93,0.419,1012.98,15.2,66.533,9.022
2019-02-09 20:36:48,247,16.12,4.81,0.419,1012.8,15.1,66.815,8.989
2019-02-09 20:46:49,250,14.29,8.74,0.419,1012.62,15.2,67.189,9.167
2019-02-09 20:56:49,237,21.8,11.79,0.419,1012.36,15.2,67.471,9.229
2019-02-09 21:06:49,232,32.12,16.6,0.419,1012.24,15.4,67.738,9.478
2019-02-09 21:16:55,222,38.89,22.23,0.279,1011.96,15.5,68.013,9.634
2019-02-09 21:26:51,228,39.07,17.48,0.14,1011.92,15.7,68.02,9.826
2019-02-09 21:36:52,237,39.81,20.08,0,1011.76,15.9,67.891,9.988
2019-02-09 21:46:52,222,34.42,18.77,0,1011.72,16.1,67.425,10.076
2019-02-09 21:56:53,229,38.35,26.21,0.14,1011.49,16.2,66.678,10.005
2019-02-09 22:06:54,227,45.14,16.17,0.14,1011.37,16.2,66.052,9.865
2019-02-09 22:16:54,230,44.95,13.1,0.14,1011.35,16.3,65.96,9.939
2019-02-09 22:27:00,218,39.46,21.85,0.14,1011.11,16.4,66.281,10.106
2019-02-09 22:36:56,243,41.56,11.36,0.14,1011.31,16.5,65.838,10.101
2019-02-09 22:46:57,242,29.32,8.73,0.14,1011.15,16.5,65.96,10.129
2019-02-09 22:56:57,231,38.83,18.78,0.279,1011.17,16.5,65.945,10.126
2019-02-09 23:06:58,238,38.09,18.34,0.14,1011.11,16.5,65.64,10.056
2019-02-09 23:16:58,229,36.7,16.58,0.14,1010.99,16.5,65.861,10.107
2019-02-09 23:26:59,284,49.86,26.65,0.14,1011.15,16.4,66.014,10.046
2019-02-09 23:37:05,285,54.6,18.36,0.279,1011.09,16.2,65.548,9.751
2019-02-09 23:47:00,258,49.94,15.29,0.279,1010.83,16,65.587,9.57
2019-02-09 23:57:02,270,35.3,13.55,0.279,1011.23,15.8,65.785,9.425
2019-02-10 00:07:01,253,28.53,16.15,0.279,1010.77,15.7,65.655,9.3
2019-02-10 00:17:01,240,29.11,13.54,0.279,1010.55,15.6,65.587,9.19
2019-02-10 00:27:02,242,26.17,10.47,0.279,1010.61,15.5,65.884,9.162
2019-02-10 00:37:02,241,33.54,12.23,0.279,1010.45,15.4,66.052,9.105
2019-02-10 00:47:08,246,38.28,13.97,0.14,1010.47,15.5,66.136,9.218
2019-02-10 00:57:04,242,29.73,20.5,0.14,1010.37,15.4,66.586,9.224
2019-02-10 01:07:09,249,38.04,7.43,0.14,1010.19,15.4,66.685,9.246
2019-02-10 01:17:05,245,33.48,14.82,0,1010.01,15.3,66.929,9.205
2019-02-10 01:27:06,255,41.31,9.16,0,1009.95,15.3,67.166,9.257
2019-02-10 01:37:06,253,31.4,15.28,0,1009.99,15.2,66.99,9.123
2019-02-10 01:47:06,243,36.72,14.42,0,1009.91,15.2,66.815,9.084
2019-02-10 01:57:06,247,30.45,10.49,0,1009.89,15.1,66.853,8.998
2019-02-10 02:07:07,249,34.57,3.5,0,1009.7,15,66.914,8.916
2019-02-10 02:17:12,284,55.38,17.48,0,1009.93,15,66.807,8.892
2019-02-10 02:27:08,262,48.33,7.86,0,1009.64,14.9,66.815,8.799
2019-02-10 02:37:09,256,39.51,9.18,0.14,1009.97,14.8,67.036,8.753
2019-02-10 02:47:10,240,54.27,13.1,0.14,1009.87,14.8,66.922,8.727
2019-02-10 02:57:11,241,31.3,15.73,0.14,1009.76,14.8,66.891,8.721
2019-02-10 03:07:16,237,41.98,15.71,0.14,1009.62,14.7,66.823,8.61
2019-02-10 03:17:12,281,58.87,24.04,0.14,1009.52,14.6,67.28,8.616
2019-02-10 03:27:12,276,57.24,10.05,0.14,1009.6,14.6,67.494,8.662
2019-02-10 03:37:12,280,45.05,24.44,0,1009.56,14.5,67.54,8.577
2019-02-10 03:47:13,265,54.39,16.61,0,1009.48,14.5,67.669,8.605
2019-02-10 03:57:14,271,40.86,6.52,0,1009.56,14.4,67.83,8.545
2019-02-10 04:07:15,265,44.07,16.17,0,1009.3,14.4,67.952,8.571
2019-02-10 04:17:15,274,31.57,5.24,0,1009.3,14.4,67.822,8.543
2019-02-10 04:27:16,301,45.55,18.78,0,1009.52,14.4,68.089,8.601
2019-02-10 04:37:17,289,70.27,31.45,0.279,1009.56,14.4,68.6,8.711
2019-02-10 04:47:17,278,52.29,21.83,0.419,1009.34,14.3,68.585,8.613
2019-02-10 04:57:18,316,66.97,34.01,0.419,1009.52,14.3,69.935,8.9
2019-02-10 05:07:23,307,45.84,26.2,0.419,1009.52,14,70.324,8.695
2019-02-10 05:17:19,312,42.48,22.65,0.419,1009.62,13.8,70.607,8.562
2019-02-10 05:27:19,309,48.12,29.24,0.419,1009.8,13.6,70.759,8.403
2019-02-10 05:37:19,306,35.23,19.66,0.419,1009.54,13.5,70.843,8.324
2019-02-10 05:47:21,309,55.6,29.64,0.14,1009.87,13.4,71.164,8.295
2019-02-10 05:57:26,326,56.23,26.63,0.559,1010.09,13.5,71.187,8.395
2019-02-10 06:07:21,327,44.33,27.48,0.559,1010.07,13.3,71.385,8.244
2019-02-10 06:17:23,316,42.99,26.63,0.559,1009.97,13.1,71.469,8.07
2019-02-10 06:27:23,316,40.04,17.02,0.559,1009.97,12.9,71.705,7.926
2019-02-10 06:37:24,325,60.83,31,0.698,1010.31,12.9,72.163,8.019
2019-02-10 06:47:23,310,49.96,21.84,0.698,1010.01,12.7,72.079,7.81
2019-02-10 06:57:24,314,47.62,28.85,0.419,1010.17,12.5,72.293,7.661
2019-02-10 07:07:25,310,45.95,25.31,0.14,1010.15,12.3,72.651,7.541
2019-02-10 07:17:25,307,40.34,20.94,0.279,1010.13,12.2,73.346,7.584
2019-02-10 07:27:25,309,43.24,24.45,0.419,1010.29,12.2,74.055,7.725
2019-02-10 07:37:26,317,49.49,20.97,0.698,1010.31,12.1,74.521,7.72
2019-02-10 07:47:27,314,37.85,20.98,0.559,1010.35,12.1,74.734,7.762
2019-02-10 07:57:27,324,37.27,27.91,0.559,1010.51,11.9,74.986,7.618
2019-02-10 08:07:28,324,32.31,27.41,0.559,1010.51,11.9,75.154,7.651
2019-02-10 08:17:28,320,33.43,16.16,0.559,1010.39,11.9,75.299,7.679
2019-02-10 08:27:28,319,42.79,12.23,0.419,1010.41,11.8,75.436,7.609
2019-02-10 08:37:29,319,20.75,12.23,0.279,1010.45,11.9,75.299,7.679
2019-02-10 08:47:29,320,29.19,19.19,0.14,1010.67,11.9,75.253,7.67
2019-02-10 08:57:30,313,26.63,17.02,0.14,1010.67,11.8,75.337,7.59
2019-02-10 09:07:29,317,45.95,14.85,0.279,1010.89,11.8,75.36,7.594
2019-02-10 09:17:30,319,33.57,14.86,0.279,1010.99,11.7,75.276,7.481
2019-02-10 09:27:30,328,44.05,17.87,0.419,1010.81,11.7,75.07,7.441
2019-02-10 09:37:31,322,31.85,17.47,0.279,1010.81,11.5,74.605,7.157
2019-02-10 09:47:32,316,28.66,11.34,0.279,1010.83,11.4,74.711,7.082
2019-02-10 09:57:32,314,24.9,18.36,0.279,1010.85,11.3,74.978,7.037
2019-02-10 10:07:33,322,24.47,9.18,0.279,1010.83,11.3,75.039,7.049
2019-02-10 10:17:33,310,29.28,18.74,0.14,1010.73,11.2,75.253,6.994
2019-02-10 10:27:34,317,34.1,24.82,0.14,1010.57,11.1,75.23,6.893
2019-02-10 10:37:34,308,68.6,22.22,0,1010.63,11,74.963,6.744
2019-02-10 10:47:34,312,48.76,19.21,0,1010.39,11,74.994,6.75
2019-02-10 10:57:35,306,29.54,14.86,0,1010.17,10.9,74.925,6.641
2019-02-10 11:07:35,288,29.11,14.81,0,1010.31,10.8,74.597,6.48
2019-02-10 11:17:36,292,28.76,9.6,0,1010.21,10.8,74.559,6.473
2019-02-10 11:27:36,312,37.02,18.8,0,1010.25,10.8,74.742,6.509
2019-02-10 11:37:37,311,39.06,17.47,0,1010.21,10.9,74.978,6.651
2019-02-10 11:47:38,312,37.53,22.67,0,1010.21,10.9,74.811,6.618
2019-02-10 11:57:38,322,53.75,23.57,0.14,1010.39,10.9,75.07,6.669
2019-02-10 12:07:39,317,39.23,7.86,0.14,1010.43,10.9,75.146,6.683
2019-02-10 12:17:39,36,22.72,8.3,0.14,1010.39,10.9,74.833,6.623
2019-02-10 12:27:41,323,20.3,14.84,0.14,1010.49,10.9,74.498,6.558
2019-02-10 12:37:40,319,22.13,9.62,0.14,1010.57,10.9,74.452,6.549
2019-02-10 12:47:40,33,26.19,12.66,0.14,1010.61,10.9,74.353,6.529
2019-02-10 12:57:41,39,36.01,10.48,0.14,1010.93,10.8,74.292,6.421
2019-02-10 13:07:41,321,51.13,16.17,0,1011.15,10.8,73.941,6.353
2019-02-10 13:17:42,324,48.96,21.82,0,1011.23,10.6,73.391,6.052
2019-02-10 13:27:42,313,35.52,20.46,0,1011.17,10.5,73.048,5.888
2019-02-10 13:37:42,313,31.04,19.64,0,1011.15,10.3,73.147,5.715
2019-02-10 13:47:43,311,25.71,12.66,0.14,1011.07,10.2,73.247,5.638
2019-02-10 13:57:43,318,32.19,7.87,0.279,1011.39,10.2,73.43,5.674
2019-02-10 14:07:44,65,28.05,3.06,0.279,1011.25,10.2,73.491,5.686
2019-02-10 14:17:44,321,16.1,4.37,0.279,1011.63,10.2,73.46,5.68
2019-02-10 14:27:45,320,22.5,7.29,0.279,1011.72,10.2,73.33,5.655
2019-02-10 14:37:46,320,72.82,2.18,0.279,1011.7,10.3,73.422,5.769
2019-02-10 14:47:47,67,7.77,0,0.14,1011.72,10.3,73.262,5.738
2019-02-10 14:57:47,63,0,0,0.14,1011.76,10.3,73.269,5.739
2019-02-10 15:07:48,96,2.91,2.62,0,1012.1,10.4,73.536,5.888
2019-02-10 15:17:48,90,6.14,1.75,0,1012.1,10.4,73.689,5.918
2019-02-10 15:27:49,84,3.75,0,0,1012.38,10.4,73.483,5.877
2019-02-10 15:37:49,109,6.85,1.75,0,1012.36,10.4,73.094,5.801
2019-02-10 15:47:50,49,5.15,2.19,0,1012.7,10.4,72.781,5.739
2019-02-10 15:57:51,47,6.36,6.12,0,1013.02,10.5,72.964,5.872
2019-02-10 16:07:51,320,14.73,4.8,0,1013.07,10.8,73.956,6.356
2019-02-10 16:17:52,319,21.27,7.43,0,1013.23,11.2,74.788,6.904
2019-02-10 16:27:52,319,16.64,8.3,0,1013.51,11.9,76.108,7.835
2019-02-10 16:37:52,33,21.35,13.53,0,1013.73,12.8,77.214,8.919
2019-02-10 16:47:52,34,20.72,3.5,0,1013.87,13,75.245,8.731
2019-02-10 16:57:54,42,16.69,7.87,0,1013.95,12.9,73.597,8.308
2019-02-10 17:07:54,37,11.72,5.68,0,1014.05,12.9,73.514,8.292
2019-02-10 17:17:54,322,12.84,4.81,0,1014.25,13,73.628,8.411
2019-02-10 17:27:54,324,20.89,12.23,0,1014.43,12.9,73.124,8.214
2019-02-10 17:37:54,315,18.21,10.92,0,1014.53,12.9,72.72,8.132
2019-02-10 17:47:55,323,19.48,11.79,0,1014.61,12.8,72.323,7.956
2019-02-10 17:57:55,323,25.84,7.41,0,1014.85,12.8,71.774,7.844
2019-02-10 18:07:55,326,22.18,15.3,0,1015.02,12.7,71.293,7.65
2019-02-10 18:17:55,323,26.63,10.49,0,1015.12,12.6,70.675,7.427
2019-02-10 18:27:56,316,24.42,9.18,0,1015.32,12.6,70.271,7.343
2019-02-10 18:37:56,316,18.02,10.49,0,1015.3,12.6,70.576,7.406
2019-02-10 18:47:56,315,21.24,9.62,0,1015.34,12.6,70.553,7.401
2019-02-10 18:57:57,309,16.14,8.3,0,1015.4,12.6,70.775,7.447
2019-02-10 19:07:57,302,20.3,15.28,0,1015.5,12.7,70.759,7.54
2019-02-10 19:17:58,319,21.78,14.86,0,1015.56,12.8,70.63,7.609
2019-02-10 19:27:58,294,20.38,6.56,0,1015.64,12.9,70.653,7.709
2019-02-10 19:37:58,319,19.24,13.07,0,1015.7,13,70.66,7.807
2019-02-10 19:47:58,309,16.68,11.8,0,1015.64,13.1,70.66,7.903
2019-02-10 19:57:59,312,29.01,12.67,0,1015.62,13.2,70.706,8.008
2019-02-10 20:07:59,308,28.72,16.61,0,1015.72,13.3,70.263,8.012
2019-02-10 20:17:59,305,28.2,11.8,0,1015.66,13.3,69.813,7.918
2019-02-10 20:28:00,318,29.84,17.9,0,1015.64,13.3,69.546,7.861
2019-02-10 20:38:00,316,34.45,10.92,0,1015.62,13.4,69.356,7.917
2019-02-10 20:48:01,316,34.41,14.42,0,1015.56,13.5,69.18,7.975
2019-02-10 20:58:01,306,37.08,18.35,0,1015.52,13.4,68.059,7.641
2019-02-10 21:08:02,314,36.04,22.27,0,1015.6,13.4,68.15,7.66
2019-02-10 21:18:02,314,31.81,17.46,0,1015.78,13.4,68.257,7.683
2019-02-10 21:28:08,318,35.12,23.6,0,1015.72,13.5,68.326,7.793
2019-02-10 21:38:04,310,35.36,14.82,0,1015.68,13.5,67.83,7.687
2019-02-10 21:48:04,310,34.15,24.47,0,1015.8,13.5,67.769,7.674
2019-02-10 21:58:04,310,44.99,20.96,0.14,1015.9,13.5,67.235,7.558
2019-02-10 22:08:05,310,42.48,23.54,0.14,1015.8,13.5,66.777,7.458
2019-02-10 22:18:05,310,41.35,22.7,0.14,1016.02,13.6,66.853,7.57
2019-02-10 22:28:06,316,39,24.46,0.14,1016.06,13.6,66.945,7.59
2019-02-10 22:38:11,319,38.14,26.2,0.14,1016.08,13.7,66.838,7.662
2019-02-10 22:48:07,320,46.57,17.89,0.14,1016.36,13.8,66.433,7.668
2019-02-10 22:58:08,319,47.93,17.46,0.14,1016.44,14,66.227,7.813
2019-02-10 23:08:09,315,42.29,18.72,0,1016.6,14.1,66.06,7.871
2019-02-10 23:18:10,318,40.97,16.14,0,1016.7,14.2,66.014,7.956
2019-02-10 23:28:11,320,38.65,22.72,0,1016.64,14.3,65.991,8.046
2019-02-10 23:38:11,319,34.8,13.98,0,1016.7,14.4,66.189,8.185
2019-02-10 23:48:16,306,37.55,20.93,0,1016.83,14.5,66.22,8.287
2019-02-10 23:58:12,307,33.41,15.29,0,1016.91,14.5,66.06,8.251
2019-02-11 00:08:13,314,35.72,19.24,0,1016.93,14.6,65.96,8.324
2019-02-11 00:18:13,314,34.09,28.8,0,1016.93,14.6,65.289,8.174
2019-02-11 00:28:14,312,38.02,21.31,0,1017.07,14.6,64.77,8.057
2019-02-11 00:38:14,312,32.22,15.74,0,1017.11,14.6,64.396,7.972
2019-02-11 00:48:15,311,39.63,14.86,0,1017.21,14.6,64.29,7.947
2019-02-11 00:58:15,316,38.38,15.73,0,1017.27,14.5,63.748,7.729
2019-02-11 01:08:21,319,37.96,9.61,0,1017.31,14.5,63.328,7.632
2019-02-11 01:18:15,321,34.53,17.91,0,1017.35,14.4,63.534,7.585
2019-02-11 01:28:16,321,39.75,17.01,0,1017.27,14.3,63.542,7.492
2019-02-11 01:38:17,319,40.36,24.89,0,1017.35,14.2,63.191,7.317
2019-02-11 01:48:18,308,40.92,9.16,0,1017.45,14,63.214,7.133
2019-02-11 01:58:18,317,35.4,18.75,0,1017.47,13.9,63.496,7.103
2019-02-11 02:08:19,316,41.89,16.14,0,1017.55,13.8,63.702,7.056
2019-02-11 02:18:24,320,36.91,21.85,0,1017.69,13.7,63.962,7.02
2019-02-11 02:28:20,321,41.93,26.64,0,1017.91,13.6,63.855,6.901
2019-02-11 02:38:21,317,37.08,9.18,0,1017.99,13.6,64.038,6.943
2019-02-11 02:48:21,320,31.86,18.8,0,1018.24,13.5,64.274,6.902
2019-02-11 02:58:22,311,28.1,11.36,0,1018.36,13.4,64.282,6.809
2019-02-11 03:08:22,318,27.84,13.09,0,1018.58,13.3,64.358,6.731
2019-02-11 03:18:22,319,38.87,13.52,0,1018.72,13.3,64.366,6.733
2019-02-11 03:28:23,312,24.84,4.36,0,1018.96,13.2,64.473,6.662
2019-02-11 03:38:24,315,23.4,10.04,0,1019.04,13.2,64.618,6.695
2019-02-11 03:48:24,317,24.08,17.04,0,1019.16,13.2,64.732,6.721
2019-02-11 03:58:25,312,21.55,6.12,0,1019.14,13.1,64.724,6.624
2019-02-11 04:08:25,313,17.82,6.55,0,1019.38,13.1,64.755,6.631
2019-02-11 04:18:26,312,20.82,13.56,0,1019.44,13,64.778,6.541
2019-02-11 04:28:26,320,16.74,6.11,0,1019.7,13,64.801,6.546
2019-02-11 04:38:28,307,17,5.25,0,1019.76,12.9,64.877,6.468
2019-02-11 04:48:33,324,16.79,7.84,0,1019.86,12.9,64.755,6.441
2019-02-11 04:58:28,315,15.52,10.88,0,1019.98,12.9,64.686,6.426
2019-02-11 05:08:27,321,14.39,4.36,0,1020.06,12.8,64.74,6.343
2019-02-11 05:18:28,321,16.68,6.55,0,1020.17,12.8,64.885,6.375
2019-02-11 05:28:28,317,18.96,10.03,0,1020.08,12.7,64.953,6.296
2019-02-11 05:38:29,316,15.82,8.72,0,1020.15,12.7,65.007,6.308
2019-02-11 05:48:29,314,20.92,6.55,0,1020.45,12.6,64.992,6.209
2019-02-11 05:58:35,322,22.1,16.15,0,1020.41,12.6,65.045,6.221
2019-02-11 06:08:30,319,19.79,15.26,0,1020.51,12.6,65.152,6.245
2019-02-11 06:18:31,321,19.04,12.67,0,1020.73,12.5,65.205,6.162
2019-02-11 06:28:31,313,20.14,10.06,0,1020.73,12.5,65.281,6.179
2019-02-11 06:38:31,320,20.89,6.56,0,1020.93,12.5,65.342,6.192
2019-02-11 06:48:33,318,15.74,4.81,0,1021.03,12.5,65.465,6.219
2019-02-11 06:58:34,310,14.11,8.75,0,1021.09,12.5,65.587,6.246
2019-02-11 07:08:38,315,17.19,6.99,0,1020.89,12.5,65.579,6.244
2019-02-11 07:18:33,315,14.43,7.43,0,1020.89,12.4,65.487,6.129
2019-02-11 07:28:35,318,15.96,5.68,0,1020.95,12.4,65.503,6.133
2019-02-11 07:38:35,319,15.47,7.43,0,1020.97,12.4,65.503,6.133
2019-02-11 07:48:36,326,21.84,17.04,0,1020.87,12.4,65.579,6.149
2019-02-11 07:58:41,321,18.62,8.3,0,1020.83,12.3,65.526,6.043
2019-02-11 08:08:37,318,18.78,6.98,0,1020.95,12.3,65.51,6.039
2019-02-11 08:18:42,322,18.6,9.59,0,1020.95,12.2,65.526,5.948
2019-02-11 08:28:38,323,16.31,8.3,0,1020.85,12.2,65.526,5.948
2019-02-11 08:38:38,321,17.73,2.62,0,1020.83,12.1,65.518,5.851
2019-02-11 08:48:38,313,11.23,4.37,0,1020.77,12.1,65.487,5.844
2019-02-11 08:58:38,316,12.76,3.93,0,1020.79,12.1,65.487,5.844
2019-02-11 09:08:38,322,13.75,6.55,0,1020.95,12,65.465,5.744
2019-02-11 09:18:40,322,12.56,2.62,0,1021.11,12,65.449,5.741
2019-02-11 09:28:40,39,10.27,3.5,0,1021.15,12,65.259,5.699
2019-02-11 09:38:41,43,11.18,0,0,1021.29,11.9,65.175,5.585
2019-02-11 09:48:42,71,11.21,2.19,0,1021.27,11.8,65.098,5.474
2019-02-11 09:58:42,115,7.43,2.62,0,1021.15,11.7,64.946,5.345
2019-02-11 10:08:43,90,3.72,3.5,0,1021.09,11.6,64.808,5.22
2019-02-11 10:18:44,93,4.01,0,0,1021.13,11.5,64.824,5.128
2019-02-11 10:28:44,53,9.72,2.62,0,1021.21,11.4,64.808,5.03
2019-02-11 10:38:44,321,8.6,0,0,1021.31,11.4,64.999,5.072
2019-02-11 10:48:45,109,4.59,0,0,1021.39,11.3,65.068,4.992
2019-02-11 10:58:46,121,0,0,0,1021.29,11.3,65.228,5.028
2019-02-11 11:08:47,105,4.83,3.05,0,1021.41,10.3,65.396,4.114
2019-02-11 11:18:48,113,5.28,1.75,0,1021.33,10.1,65.892,4.031
2019-02-11 11:28:49,119,4.41,3.5,0,1021.25,11.3,65.831,5.159
2019-02-11 11:38:49,120,4.71,2.62,0,1021.13,11.3,65.693,5.129
2019-02-11 11:48:50,163,4.84,2.62,0,1021.09,11.3,65.64,5.118
2019-02-11 11:58:51,161,5.15,2.18,0,1021.01,11.3,65.587,5.106
2019-02-11 12:08:51,153,4.89,0,0,1020.93,11.3,65.587,5.106
2019-02-11 12:18:51,120,5.2,3.06,0,1020.93,11.2,65.579,5.009
2019-02-11 12:28:52,120,3.44,0,0,1020.81,11.1,65.579,4.914
2019-02-11 12:38:52,120,0,0,0,1020.83,11.1,65.594,4.918
2019-02-11 12:48:53,30,0,0,0,1020.85,11.1,65.556,4.909
2019-02-11 12:58:54,34,2.34,0,0,1020.83,11,65.518,4.806
2019-02-11 13:08:54,255,0,0,0,1020.89,10.9,65.419,4.689
2019-02-11 13:18:55,141,5.97,4.81,0,1020.79,10.7,65.327,4.479
2019-02-11 13:28:55,151,8.15,5.24,0,1020.69,10.6,65.35,4.389
2019-02-11 13:38:57,142,9.27,3.5,0,1020.73,10.5,65.449,4.316
2019-02-11 13:48:57,148,8.04,4.37,0,1020.57,10.5,65.625,4.354
2019-02-11 13:58:58,157,8.92,4.81,0,1020.59,10.4,65.815,4.3
2019-02-11 14:08:58,152,7.31,3.5,0,1020.55,10.4,65.976,4.335
2019-02-11 14:18:59,134,7.07,3.5,0,1020.69,10.4,66.083,4.358
2019-02-11 14:29:04,115,4.18,1.24,0,1020.77,10.5,66.418,4.525
2019-02-11 14:38:59,40,2.78,0,0,1020.75,10.6,66.876,4.718
2019-02-11 14:49:00,39,0,0,0,1020.75,10.7,67.128,4.867
2019-02-11 14:59:01,102,0,0,0,1020.95,10.8,67.57,5.056
2019-02-11 15:09:02,165,0,0,0,1020.85,10.9,67.73,5.186
2019-02-11 15:19:02,120,4.16,1.75,0,1020.99,10.9,67.761,5.192
2019-02-11 15:29:02,154,8.33,5.67,0,1021.19,10.9,67.769,5.194
2019-02-11 15:39:03,147,10.87,3.94,0,1021.25,11,67.799,5.296
2019-02-11 15:49:03,144,13.64,7.87,0,1021.47,11,67.715,5.278
2019-02-11 15:59:03,132,11.75,6.99,0,1021.67,11.1,68.028,5.439
2019-02-11 16:09:03,149,15.18,3.94,0,1021.77,11.3,68.493,5.728
2019-02-11 16:19:04,151,13.81,8.31,0,1021.98,11.6,69.058,6.133
2019-02-11 16:29:05,140,13.69,4.37,0,1022,12.2,70.576,7.023
2019-02-11 16:39:05,150,13.16,10.49,0,1022.28,13.2,72.827,8.442
2019-02-11 16:49:05,143,13.67,8.73,0,1022.24,14.1,73.292,9.402
2019-02-11 16:59:06,150,13.66,4.81,0,1022.4,14.8,72.903,9.997
2019-02-11 17:09:06,155,12.3,7.87,0,1022.48,15.2,71.698,10.132
2019-02-11 17:19:06,151,13.33,10.49,0,1022.54,15.4,70.614,10.097
2019-02-11 17:29:06,142,46.27,5.67,0,1022.6,15.3,69.233,9.707
2019-02-11 17:39:06,139,14.37,10.93,0,1022.68,15.2,68.455,9.444
2019-02-11 17:49:08,144,15.5,8.3,0,1022.5,15.2,68.417,9.435
2019-02-11 17:59:08,152,15.57,11.8,0,1022.64,15.3,68.356,9.518
2019-02-11 18:09:08,154,15.96,6.54,0,1022.72,15.4,68.356,9.613
2019-02-11 18:19:10,217,17.32,11.81,0,1022.92,15.5,67.441,9.508
2019-02-11 18:29:09,218,28.75,15.72,0,1023,15.5,65.922,9.171
2019-02-11 18:39:09,215,24.87,13.54,0,1023.16,15.5,64.961,8.953
2019-02-11 18:49:09,214,22.39,9.6,0,1023.16,15.5,64.045,8.744
2019-02-11 18:59:10,220,20.09,8.74,0,1023,15.4,63.176,8.448
2019-02-11 19:09:10,225,12.98,3.5,0,1023.08,14.6,63.595,7.788
2019-02-11 19:19:10,229,12.29,6.98,0,1022.94,14.4,64.511,7.808
2019-02-11 19:29:10,228,13.42,4.81,0,1022.86,14.5,64.992,8.012
2019-02-11 19:39:11,254,8.51,0,0,1022.92,14.7,65.762,8.375
2019-02-11 19:49:11,287,7.62,4.37,0,1022.86,15,66.205,8.759
2019-02-11 19:59:11,231,9.05,6.99,0,1022.78,15.2,66.38,8.988
2019-02-11 20:09:12,253,10.13,1.31,0,1022.62,15.5,66.35,9.266
2019-02-11 20:19:12,250,9.44,0,0,1022.46,15.7,66.655,9.524
2019-02-11 20:29:12,263,8.36,4.81,0,1022.34,16.9,66.884,10.717
2019-02-11 20:39:13,265,7.67,4.81,0,1022.1,17.5,66.51,11.204
2019-02-11 20:49:13,295,8.64,6.99,0,1021.94,17.8,65.869,11.343
2019-02-11 20:59:14,285,10.7,8.29,0,1021.77,17.9,65.114,11.264
2019-02-11 21:09:15,277,11.17,3.93,0,1021.79,18.1,65.266,11.489
2019-02-11 21:19:15,242,8.2,3.06,0,1021.87,18.4,65.838,11.905
2019-02-11 21:29:17,232,14.96,13.12,0,1021.77,18.6,65.404,11.995
2019-02-11 21:39:16,239,12.91,2.62,0,1021.57,18.9,64.763,12.13
2019-02-11 21:49:17,250,10.22,4.8,0,1021.61,19.1,64.183,12.183
2019-02-11 21:59:19,244,10.4,4.81,0,1021.39,19.3,63.26,12.152
2019-02-11 22:09:19,248,8.27,0.87,0,1021.35,19.3,61.589,11.747
2019-02-11 22:19:19,246,8.88,0,0,1021.19,19.4,62.108,11.968
2019-02-11 22:29:20,255,11.56,1.75,0,1021.29,19.4,60.826,11.652
2019-02-11 22:39:20,269,6.38,4.81,0,1021.29,19.4,61.307,11.771
2019-02-11 22:49:21,278,8.46,3.06,0,1021.41,19.4,60.91,11.673
2019-02-11 22:59:22,249,8.34,3.06,0,1021.29,19.4,59.514,11.323
2019-02-11 23:09:22,293,9.13,5.24,0,1021.39,19.3,60.254,11.416
2019-02-11 23:19:22,264,7.16,2.62,0,1021.47,19.2,59.865,11.224
2019-02-11 23:29:22,263,10.17,2.18,0,1021.49,19.2,59.865,11.224
2019-02-11 23:39:23,261,10.12,2.62,0,1021.55,19.2,59.369,11.099
2019-02-11 23:49:24,237,10.73,5.24,0,1021.41,19.1,58.575,10.803
2019-02-11 23:59:26,234,11.54,4.81,0,1021.39,19,57.98,10.557
2019-02-12 00:09:26,248,16.43,5.68,0,1021.47,18.9,57.347,10.299
2019-02-12 00:19:26,271,11.61,4.37,0,1021.35,18.7,57.515,10.156
2019-02-12 00:29:27,271,11.15,3.06,0,1021.37,18.6,57.988,10.185
2019-02-12 00:39:27,276,11.01,4.81,0,1021.15,18.5,57.972,10.087
2019-02-12 00:49:27,278,15.44,3.92,0,1021.15,18.3,58.255,9.973
2019-02-12 00:59:28,276,13.41,3.5,0,1021.09,18.1,58.445,9.835
2019-02-12 01:09:29,243,9.14,3.06,0,1020.89,18,58.087,9.649
2019-02-12 01:19:28,270,8.2,2.62,0,1020.89,17.8,58.453,9.556
2019-02-12 01:29:29,270,9.08,3.49,0,1020.79,17.7,58.552,9.487
2019-02-12 01:39:30,250,8.87,0,0,1020.71,17.6,58.873,9.475
2019-02-12 01:49:30,259,7.67,2.62,0,1020.71,17.5,58.369,9.254
2019-02-12 01:59:31,260,6.44,1.75,0,1020.59,17.3,57.988,8.97
2019-02-12 02:09:31,258,5.1,0,0,1020.55,17.1,58.087,8.808
2019-02-12 02:19:33,94,5.89,2.19,0,1020.65,16.9,58.011,8.602
2019-02-12 02:29:33,256,5.97,2.19,0,1020.61,16.7,58.4,8.513
2019-02-12 02:39:33,269,5.9,0,0,1020.59,16.5,58.713,8.404
2019-02-12 02:49:34,258,5.92,1.31,0,1020.63,16.4,58.537,8.267
2019-02-12 02:59:34,266,6.47,0,0,1020.53,16.2,58.697,8.12
2019-02-12 03:09:35,242,4.42,2.19,0,1020.67,16,58.636,7.917
2019-02-12 03:19:35,244,5.22,0.87,0,1020.75,15.8,58.766,7.762
2019-02-12 03:29:37,216,5.29,3.06,0,1020.69,15.6,58.728,7.565
2019-02-12 03:39:37,165,5.33,0,0,1020.65,15.5,58.873,7.508
2019-02-12 03:49:37,137,4.14,1.31,0,1020.63,15.4,58.789,7.393
2019-02-12 03:59:38,120,2.73,2.19,0,1020.45,15.2,58.865,7.225
2019-02-12 04:09:39,120,3,0,0,1020.25,15,58.964,7.062
2019-02-12 04:19:39,121,3.81,3.5,0,1020.23,14.9,59.125,7.007
2019-02-12 04:29:39,131,5.19,3.06,0,1020.19,14.7,59.254,6.852
2019-02-12 04:39:40,128,6.61,3.93,0,1020.02,14.6,59.567,6.834
2019-02-12 04:49:46,127,7.24,4.81,0,1019.96,14.5,59.926,6.828
2019-02-12 04:59:43,135,7.04,6.54,0,1019.82,14.3,59.956,6.647
2019-02-12 05:09:43,137,7.58,5.24,0,1019.72,14.2,59.857,6.529
2019-02-12 05:19:44,146,8.32,5.68,0,1019.74,14.1,59.903,6.446
2019-02-12 05:29:44,136,10.78,6.54,0,1019.88,14,60.071,6.393
2019-02-12 05:39:44,131,14.37,9.18,0,1019.6,13.8,60.154,6.225
2019-02-12 05:49:45,133,11.48,6.54,0,1019.6,13.7,60.277,6.16
2019-02-12 05:59:46,128,10.78,4.81,0,1019.48,13.7,60.505,6.215
2019-02-12 06:09:51,137,11,5.68,0,1019.58,13.6,60.719,6.172
2019-02-12 06:19:53,127,9.92,7.43,0,1019.58,13.5,60.917,6.125
2019-02-12 06:29:49,139,10.25,3.06,0,1019.66,13.5,61.055,6.158
2019-02-12 06:39:48,145,8.11,3.93,0,1019.66,13.4,61.215,6.101
2019-02-12 06:49:49,163,6.86,4.37,0,1019.72,13.3,61.261,6.018
2019-02-12 06:59:49,149,6.03,4.35,0,1019.52,13.3,61.368,6.043
2019-02-12 07:09:49,143,5.94,1.75,0,1019.58,13.2,61.413,5.959
2019-02-12 07:19:50,158,3.85,2.19,0,1019.4,13.1,61.513,5.888
2019-02-12 07:29:50,31,2.5,0,0,1019.26,13,61.612,5.817
2019-02-12 07:39:50,109,4.27,2.62,0,1019.14,12.9,61.619,5.725
2019-02-12 07:49:50,118,6.05,3.5,0,1019.12,12.8,61.558,5.616
2019-02-12 07:59:50,98,5.29,3.93,0,1018.96,12.7,61.635,5.54
2019-02-12 08:09:51,95,8.13,5.68,0,1018.88,12.5,61.787,5.387
2019-02-12 08:19:51,100,7.76,3.94,0,1018.86,12.5,61.932,5.42
2019-02-12 08:29:51,106,7.13,2.18,0,1019.1,12.4,62.161,5.379
2019-02-12 08:39:51,111,4.61,3.06,0,1019,12.4,62.398,5.433
2019-02-12 08:49:52,102,3.51,2.19,0,1019.08,12.3,62.474,5.357
2019-02-12 08:59:53,120,3.5,0.87,0,1018.92,12.3,62.665,5.4
2019-02-12 09:09:54,162,2.19,0.44,0,1018.76,12.2,62.733,5.322
2019-02-12 09:19:59,120,4.71,4.37,0,1018.78,12.1,62.893,5.264
2019-02-12 09:29:55,136,6.06,1.31,0,1018.54,12,62.893,5.169
2019-02-12 09:40:01,158,2.58,0,0,1018.74,11.9,62.924,5.081
2019-02-12 09:49:56,87,4.71,3.5,0,1018.38,11.8,63.077,5.022
2019-02-12 09:59:57,84,5.34,3.06,0,1018.28,11.8,63.107,5.028
2019-02-12 10:09:58,98,5.22,3.05,0,1018.19,11.7,63.176,4.949
2019-02-12 10:19:58,127,6.21,2.19,0,1018.21,11.7,63.283,4.974
2019-02-12 10:29:58,109,11.92,5.68,0,1018.36,11.6,63.412,4.908
2019-02-12 10:40:00,77,15.68,0,0,1018.07,11.6,63.527,4.934
2019-02-12 10:49:59,128,12.5,11.33,0,1018.01,11.5,63.687,4.875
2019-02-12 11:00:00,129,16.95,3.94,0,1017.75,11.5,63.87,4.916
2019-02-12 11:10:00,139,12.11,6.55,0,1017.99,11.5,64.099,4.968
2019-02-12 11:20:00,129,15.57,7.87,0,1017.77,11.5,64.244,5
2019-02-12 11:30:01,120,13.77,5.68,0,1018.05,11.6,64.412,5.132
2019-02-12 11:40:01,118,12.17,5.68,0,1017.73,11.6,64.374,5.123
2019-02-12 11:50:01,123,13.07,5.68,0,1018.03,11.6,64.541,5.161
2019-02-12 12:00:01,121,9.92,6.56,0,1017.63,11.6,64.648,5.184
2019-02-12 12:10:02,127,9.66,2.62,0,1017.81,11.6,64.648,5.184
2019-02-12 12:20:02,145,10.4,5.25,0,1017.67,11.6,64.778,5.213
2019-02-12 12:30:02,144,10.63,7.42,0,1017.31,11.6,64.824,5.223
2019-02-12 12:40:03,151,10.62,6.56,0,1017.33,11.5,64.93,5.152
2019-02-12 12:50:07,152,10.15,5.68,0,1017.39,11.5,64.969,5.16
2019-02-12 13:00:03,131,9.09,3.06,0,1016.99,11.5,64.946,5.155
2019-02-12 13:10:08,145,7.87,3.93,0,1017.19,11.5,65.014,5.17
2019-02-12 13:20:04,132,8.56,5.67,0,1016.72,11.4,65.014,5.076
2019-02-12 13:30:05,120,10.18,3.94,0,1016.24,11.4,64.984,5.069
2019-02-12 13:40:05,121,10.9,6.98,0,1016.46,11.4,64.938,5.059
2019-02-12 13:50:06,132,16.45,14.42,0,1016.24,11.4,64.93,5.057
2019-02-12 14:00:06,140,19.34,11.34,0,1016.42,11.4,65.03,5.079
2019-02-12 14:10:06,151,21.58,11.8,0,1016.8,11.4,65.243,5.126
2019-02-12 14:20:12,133,21.76,12.23,0,1016.62,11.3,65.312,5.046
2019-02-12 14:30:07,135,60.86,10.49,0,1016.44,11.4,65.495,5.181
2019-02-12 14:40:07,137,17.97,10.48,0,1016.28,11.4,65.541,5.191
2019-02-12 14:50:07,149,20.14,15.26,0,1016.28,11.4,65.648,5.214
2019-02-12 15:00:07,136,22.62,13.98,0,1015.88,11.3,65.663,5.123
2019-02-12 15:10:08,146,18.69,13.55,0,1016.4,11.3,65.701,5.131
2019-02-12 15:20:08,147,18.29,11.36,0,1016.5,11.3,65.716,5.134
2019-02-12 15:30:13,140,25.01,15.3,0,1016.46,11.2,65.777,5.053
2019-02-12 15:40:09,133,21.24,7.86,0,1016.22,11.2,65.8,5.058
2019-02-12 15:50:09,138,18.73,13.55,0,1016.52,11.2,65.747,5.046
2019-02-12 16:00:09,135,17.1,11.35,0,1016.97,11.2,65.716,5.039
2019-02-12 16:10:10,129,19.75,13.08,0,1016.99,11.2,65.693,5.034
2019-02-12 16:20:10,146,19.12,10.93,0,1016.93,11.2,65.663,5.028
2019-02-12 16:30:11,136,18.11,4.81,0,1016.58,11.2,65.625,5.019
2019-02-12 16:40:12,149,13.72,8.74,0,1017.05,11.2,65.671,5.029
2019-02-12 16:50:12,141,13.62,4.81,0,1016.83,11.3,65.716,5.134
2019-02-12 17:00:12,144,12.8,7.43,0,1017.31,11.3,65.831,5.159
2019-02-12 17:10:13,150,16.82,10.93,0,1017.61,11.4,65.861,5.261
2019-02-12 17:20:14,148,14.89,9.6,0,1017.63,11.5,65.922,5.369
2019-02-12 17:30:14,148,14.15,7.86,0,1017.49,11.6,65.991,5.479
2019-02-12 17:40:14,136,14.85,11.34,0,1017.25,11.7,66.021,5.581
2019-02-12 17:50:19,131,16.31,10.05,0,1016.89,11.8,66.029,5.678
2019-02-12 18:00:14,132,21.1,6.99,0,1016.6,11.9,65.938,5.753
2019-02-12 18:10:14,132,21.56,9.6,0,1016.5,12.1,65.838,5.921
2019-02-12 18:20:15,125,21.19,6.55,0,1016.42,12.2,65.587,5.961
2019-02-12 18:30:15,134,17.36,9.16,0,1016.4,12.2,65.548,5.953
2019-02-12 18:40:15,134,16.47,11.79,0,1016.56,12.3,65.495,6.036
2019-02-12 18:50:15,122,16.36,13.99,0,1016.46,12.4,65.495,6.131
2019-02-12 19:00:21,131,17.04,6.55,0,1016.3,12.5,65.48,6.223
2019-02-12 19:10:20,125,21.03,11.36,0,1016.38,12.6,65.472,6.316
2019-02-12 19:20:18,121,19.58,11.37,0,1016.2,12.7,65.22,6.355
2019-02-12 19:30:18,130,21.62,14.39,0,1015.94,12.7,65.014,6.309
2019-02-12 19:40:19,127,17.1,10.49,0,1015.72,12.7,64.877,6.279
2019-02-12 19:50:19,110,22.26,13.09,0,1015.44,12.7,64.679,6.234
2019-02-12 20:00:19,143,19.59,7.86,0,1015.42,12.7,64.518,6.199
2019-02-12 20:10:19,147,17.1,13.55,0,1014.94,12.7,64.412,6.175
2019-02-12 20:20:19,150,16.04,3.94,0,1014.91,12.8,64.419,6.271
2019-02-12 20:30:20,129,16.4,9.17,0,1014.98,12.8,64.457,6.28
2019-02-12 20:40:20,137,22.57,8.31,0,1014.71,12.9,64.335,6.347
2019-02-12 20:50:20,147,19.31,10.06,0,1014.41,12.9,64.267,6.332
2019-02-12 21:00:20,128,17.57,9.62,0,1014.03,13,64.206,6.413
2019-02-12 21:10:20,131,17.16,12.24,0,1013.67,13,64.198,6.411
2019-02-12 21:20:20,144,18.88,12.64,0,1013.09,13.1,63.992,6.459
2019-02-12 21:30:21,142,21.18,6.99,0,1012.74,13.1,63.801,6.416
2019-02-12 21:40:21,130,22.98,12.23,0,1012.46,13.2,63.588,6.462
2019-02-12 21:50:22,147,22.84,7.43,0,1011.86,13.2,63.229,6.38
2019-02-12 22:00:22,104,24.76,5.68,0,1011.43,13.3,62.886,6.396
2019-02-12 22:10:23,117,24.62,10.48,0,1010.85,13.3,62.703,6.354
2019-02-12 22:20:23,154,14,1.75,0,1012,13.4,62.657,6.438
2019-02-12 22:30:24,120,23.41,6.54,0,1011.49,13.5,62.611,6.522
2019-02-12 22:40:24,107,25.19,7.44,0,1010.53,13.6,62.459,6.581
2019-02-12 22:50:24,134,20.53,4.37,0,1011.49,13.6,62.55,6.602
2019-02-12 23:00:24,139,16.86,8.73,0,1011.17,13.7,62.573,6.702
2019-02-12 23:10:24,141,20.37,7.85,0,1011.09,13.8,62.619,6.807
2019-02-12 23:20:25,144,13.36,5.24,0,1010.99,13.9,62.71,6.922
2019-02-12 23:30:26,140,16.14,7.43,0,1011.21,14,62.863,7.052
2019-02-12 23:40:26,148,16,8.29,0,1011.13,14.1,62.787,7.129
2019-02-12 23:50:31,205,11.73,4.35,0,1011.37,14.2,62.81,7.229
2019-02-13 00:00:27,225,9.24,4.81,0,1011.39,14.3,62.68,7.293
2019-02-13 00:10:27,205,12.19,5.67,0,1011.09,14.4,62.451,7.334
2019-02-13 00:20:28,151,9.63,2.19,0,1010.99,14.5,62.329,7.4
2019-02-13 00:30:28,132,10.15,6.12,0,1010.93,14.5,62.405,7.418
2019-02-13 00:40:28,121,10.39,6.12,0,1010.59,14.6,62.253,7.476
2019-02-13 00:50:28,108,8.15,4.36,0,1010.87,14.6,62.199,7.464
2019-02-13 01:00:34,101,6.38,0,0,1011.05,14.6,62.23,7.471
2019-02-13 01:10:30,201,6.1,0,0,1011.35,14.6,62.253,7.476
2019-02-13 01:20:31,164,4.5,1.31,0,1011.29,14.6,62.031,7.424
2019-02-13 01:30:31,165,6.43,4.81,0,1011.33,14.6,61.802,7.371
2019-02-13 01:40:32,141,13.34,3.5,0,1010.87,14.6,61.543,7.309
2019-02-13 01:50:32,148,24.07,5.24,0,1010.35,14.5,60.994,7.084
2019-02-13 02:00:37,139,22.6,11.36,0,1010.13,14.5,60.78,7.033
2019-02-13 02:10:33,153,25.72,10.48,0,1009.93,14.5,60.399,6.942
2019-02-13 02:20:33,153,34.88,13.11,0,1010.03,14.5,60.475,6.96
2019-02-13 02:30:34,151,24.64,12.23,0,1009.87,14.5,60.658,7.004
2019-02-13 02:40:34,129,19.23,13.98,0,1009.56,14.5,60.521,6.971
2019-02-13 02:50:34,128,20.69,10.93,0,1009.5,14.5,60.429,6.949
2019-02-13 03:00:35,121,25.87,13.11,0,1008.54,14.5,60.299,6.918
2019-02-13 03:10:35,132,70.11,13.11,0,1008.16,14.5,60.368,6.934
2019-02-13 03:20:35,118,24.58,8.3,0,1007.93,14.5,60.513,6.969
2019-02-13 03:30:36,121,27.08,13.1,0,1008.1,14.5,60.505,6.968
2019-02-13 03:40:36,126,24.39,6.99,0,1008,14.5,60.574,6.984
2019-02-13 03:50:37,143,23.2,7,0,1008.36,14.5,60.727,7.021
2019-02-13 04:00:37,149,23.21,11.37,0,1007.91,14.5,61.009,7.088
2019-02-13 04:10:38,152,22.04,5.25,0.14,1008.04,14.5,61.322,7.163
2019-02-13 04:20:39,149,15.68,8.3,0.14,1008.06,14.5,61.627,7.235
2019-02-13 04:30:40,145,19.09,6.99,0.14,1007.75,14.6,61.825,7.376
2019-02-13 04:40:40,140,14.5,11.8,0.14,1008.02,14.6,62.008,7.419
2019-02-13 04:50:40,147,16.99,6.99,0.14,1007.73,14.6,62.321,7.493
2019-02-13 05:00:43,134,22.24,15.72,0.14,1007.71,14.7,62.665,7.667
2019-02-13 05:10:41,139,28.4,3.5,0.419,1007.85,14.7,62.893,7.721
2019-02-13 05:20:43,140,23.34,6.55,0.559,1007.89,14.7,62.993,7.744
2019-02-13 05:30:42,123,39.34,10.93,0.838,1007.31,14.6,62.84,7.614
2019-02-13 05:40:44,132,34.96,17.05,0.838,1007.71,14.5,62.512,7.443
2019-02-13 05:50:45,138,24.9,6.12,0.838,1008.36,14.4,62.413,7.325
2019-02-13 06:00:50,115,21.37,9.17,0.978,1007.95,14.3,62.451,7.24
2019-02-13 06:10:45,153,20.58,9.16,0.838,1007.85,14.1,62.459,7.053
2019-02-13 06:20:45,149,18.01,6.99,0.838,1007.95,14,62.634,6.999
2019-02-13 06:30:47,129,16.51,5.67,0.978,1008.16,14,62.832,7.045
2019-02-13 06:40:47,138,14.79,3.93,1.118,1008.2,13.9,63.031,6.996
2019-02-13 06:50:48,134,21.12,6.56,1.118,1007.93,13.8,63.099,6.918
2019-02-13 07:00:53,138,23.93,8.31,1.118,1007.51,13.8,63.13,6.925
2019-02-13 07:20:51,128,16.01,6.96,0.838,1007.27,13.6,63.351,6.786
2019-02-13 07:30:51,134,15.28,10.48,0.698,1006.67,13.5,63.481,6.722
2019-02-13 07:40:52,129,17.98,8.3,0.419,1006.38,13.4,63.687,6.674
2019-02-13 07:50:52,151,17.07,7.87,0.419,1006.28,13.4,63.916,6.726
2019-02-13 08:00:52,144,12.17,6.55,0.559,1006.12,13.4,64.091,6.766
2019-02-13 08:10:53,141,20.24,8.3,0.419,1005.92,13.3,64.229,6.702
2019-02-13 08:20:53,131,13.54,8.72,0.279,1005.82,13.3,64.297,6.718
2019-02-13 08:30:54,136,19.8,7.43,0.279,1005.48,13.3,64.45,6.752
2019-02-13 08:40:54,135,17.46,10.47,0.419,1005.1,13.2,64.526,6.674
2019-02-13 08:50:54,137,14.41,8.3,0.419,1005,13.2,64.648,6.702
2019-02-13 09:00:55,130,22.8,7.43,0.419,1004.78,13.2,64.77,6.729
2019-02-13 09:10:55,154,15.79,4.8,0.279,1005.32,13.2,64.976,6.775
2019-02-13 09:20:57,144,11.18,7.43,0.279,1005.24,13.2,65.007,6.782
2019-02-13 09:30:56,147,21.54,10.93,0.279,1004.65,13.2,65.136,6.811
2019-02-13 09:40:56,148,20.94,6.12,0.279,1004.65,13.2,65.19,6.823
2019-02-13 09:50:57,150,34.76,13.51,0.279,1004.21,13.1,65.289,6.75
2019-02-13 10:00:57,152,23.02,11.78,0.14,1003.73,13.1,65.388,6.772
2019-02-13 10:10:58,153,26.12,9.61,0.14,1003.79,13.1,65.495,6.796
2019-02-13 10:20:58,146,32.97,14.38,0.14,1003.35,13.2,65.564,6.906
2019-02-13 10:31:04,147,35.96,17.03,0.14,1003.32,13.2,65.571,6.908
2019-02-13 10:41:00,153,31.16,10.04,0.14,1003.03,13.2,65.686,6.933
2019-02-13 10:51:00,149,32.17,13.09,0.279,1002.89,13.2,65.869,6.973
2019-02-13 11:01:06,148,49.4,14.82,0.279,1002.62,13.3,66.121,7.124
2019-02-13 11:11:01,141,31.9,11.36,0.279,1002.12,13.4,66.35,7.269
2019-02-13 11:21:01,149,35.81,10.92,0.419,1001.74,13.4,66.495,7.301
2019-02-13 11:31:02,141,32.57,10.93,0.698,1001.74,13.5,66.662,7.433
2019-02-13 11:41:02,149,27.6,22.72,1.118,1001.41,13.5,66.845,7.473
2019-02-13 11:51:03,145,28.76,18.78,1.537,1001.27,13.5,67.059,7.52
2019-02-13 12:01:03,138,30.78,14.85,2.375,1000.91,13.5,67.135,7.536
2019-02-13 12:11:04,142,41.77,8.74,2.654,1001.11,13.5,67.38,7.589
2019-02-13 12:21:04,143,29.68,18.76,2.654,1000.67,13.5,67.517,7.619
2019-02-13 12:31:05,153,29.74,8.31,2.654,1001.03,13.5,67.608,7.639
2019-02-13 12:41:05,137,23.14,18.78,2.654,1000.87,13.5,67.807,7.682
2019-02-13 12:51:06,138,25.2,10.92,2.235,1000.83,13.5,67.906,7.703
2019-02-13 13:01:06,145,23.97,9.18,1.816,1000.81,13.5,68.036,7.731
2019-02-13 13:11:06,132,21.53,9.61,1.118,1001.03,13.6,68.12,7.845
2019-02-13 13:21:07,137,22.47,13.98,1.118,1001.07,13.6,68.188,7.859
2019-02-13 13:31:07,131,21.16,9.17,1.118,1001.21,13.6,68.181,7.858
2019-02-13 13:41:08,111,9.96,3.5,0.978,1001.45,13.6,68.127,7.846
2019-02-13 13:51:09,133,19.16,12.67,1.118,1001.21,13.6,68.219,7.866
2019-02-13 14:01:09,119,23.17,9.18,1.118,1001.27,13.6,68.44,7.913
2019-02-13 14:11:11,115,27.49,13.99,1.257,1001.37,13.7,68.501,8.022
2019-02-13 14:21:11,107,31.99,17.91,1.257,1001.52,13.7,68.547,8.032
2019-02-13 14:31:12,118,52.19,28.21,1.397,1001.27,13.7,68.722,8.069
2019-02-13 14:41:12,118,79.57,23.24,2.235,1001.62,13.7,68.951,8.118
2019-02-13 14:51:14,113,62.78,16.36,3.073,1001.72,13.7,69.119,8.154
2019-02-13 15:01:15,100,77.53,16.57,3.492,1001.13,13.7,69.119,8.154
2019-02-13 15:11:15,98,65.1,16.19,3.353,1001.52,13.6,69.111,8.056
2019-02-13 15:21:17,102,79.68,12.22,3.353,1001.54,13.5,69.218,7.983
2019-02-13 15:31:16,93,79,20.44,3.353,1001.54,13.4,69.302,7.906
2019-02-13 15:41:22,90,61.85,13.37,3.353,1001.43,13.4,69.371,7.92
2019-02-13 15:51:17,99,47.05,11.4,2.934,1001.88,13.3,69.409,7.833
2019-02-13 16:01:18,101,64.28,13.9,2.095,1001.98,13.3,69.485,7.849
2019-02-13 16:11:18,101,76.38,16.17,0.978,1001.88,13.3,69.638,7.881
2019-02-13 16:21:19,110,36.52,17.02,1.118,1001.8,13.2,69.676,7.793
2019-02-13 16:31:19,96,39.15,17.04,1.118,1001.5,13.1,69.859,7.736
2019-02-13 16:41:20,111,38.39,16.61,1.257,1001.7,13,70.103,7.691
2019-02-13 16:51:25,103,26.25,6.99,1.537,1001.64,13,70.225,7.717
2019-02-13 17:01:21,110,29.22,16.14,2.095,1001.68,13,70.355,7.744
2019-02-13 17:11:21,100,37,14.4,2.515,1001.31,13.1,70.576,7.885
2019-02-13 17:21:21,102,34.83,7.43,2.934,1001.11,13.1,70.82,7.936
2019-02-13 17:31:22,106,39.86,12.67,3.353,1001.01,13.2,71.072,8.084
2019-02-13 17:41:22,95,25.87,11.8,3.492,1001.17,13.2,71.225,8.115
2019-02-13 17:51:23,116,18.66,10.91,3.632,1001.17,13.3,71.309,8.229
2019-02-13 18:01:28,90,38.07,6.99,3.492,1000.87,13.4,71.499,8.364
2019-02-13 18:11:24,91,18.76,6.99,2.934,1000.77,13.4,71.538,8.372
2019-02-13 18:21:24,100,24.91,10.05,2.654,1000.73,13.5,71.766,8.515
2019-02-13 18:31:25,88,25.79,11.79,2.235,1000.51,13.5,71.873,8.537
2019-02-13 18:41:26,119,26.34,14.41,2.095,1001.52,13.6,71.881,8.634
2019-02-13 18:51:26,114,30.5,19.21,2.794,1000.93,13.6,71.95,8.648
2019-02-13 19:01:27,117,44.25,16.59,3.772,1000.51,13.6,72.156,8.69
2019-02-13 19:11:32,113,44.66,13.52,4.191,1000.19,13.6,72.384,8.737
2019-02-13 19:21:28,114,36.84,22.7,4.61,1000.19,13.7,72.529,8.863
2019-02-13 19:31:29,100,37.09,10.49,5.309,999.93,13.7,72.773,8.912
2019-02-13 19:41:29,109,41.2,20.53,5.867,999.75,13.8,73.071,9.069
2019-02-13 19:51:30,101,34.81,12.67,5.588,999.58,13.9,73.384,9.228
2019-02-13 20:01:30,97,28.55,10.48,4.051,1000.13,14,73.567,9.362
2019-02-13 20:11:31,106,23.83,14.38,3.073,1000.15,14.1,73.575,9.459
2019-02-13 20:21:31,97,24.45,10.05,2.794,999.75,14.2,73.75,9.591
2019-02-13 20:31:32,121,25.68,4.81,2.235,999.32,14.4,73.964,9.827
2019-02-13 20:41:32,124,16.23,6.99,1.257,999.16,14.5,73.933,9.917
2019-02-13 20:51:32,94,22.17,10.48,0.698,998.96,14.6,74.048,10.036
2019-02-13 21:01:33,125,25.9,4.81,0.419,998.74,14.8,74.208,10.261
2019-02-13 21:11:33,137,55.62,15.29,0.559,998.58,15.1,75.062,10.722
2019-02-13 21:21:34,219,58.89,27.53,0.419,998.4,15.5,76.39,11.372
2019-02-13 21:31:35,212,59.41,27.52,0.279,998.46,16,77.481,12.07
2019-02-13 21:41:36,221,68.54,22.28,0.559,998.66,16.4,78.167,12.592
2019-02-13 21:51:36,209,54.35,24.89,0.559,998.4,16.7,78.496,12.947
2019-02-13 22:01:37,212,52.37,24.03,0.698,998.54,17,78.694,13.277
2019-02-13 22:11:38,218,49.91,24.01,0.838,998.54,17.1,78.724,13.38
2019-02-13 22:21:39,228,50.08,24.03,0.838,998.26,17.3,78.816,13.592
2019-02-13 22:31:38,217,59.1,24.46,0.838,998.44,17.6,78.587,13.838
2019-02-13 22:41:39,225,51.59,24.01,1.118,998.78,17.7,78.229,13.865
2019-02-13 22:51:41,221,57.41,28.79,1.257,998.66,17.8,77.923,13.902
2019-02-13 23:01:40,213,63.24,24.01,1.257,999.12,17.8,77.748,13.867
2019-02-13 23:11:41,217,61.69,33.17,1.257,999.5,18,77.534,14.019
2019-02-13 23:21:42,213,54.61,24.02,1.118,999.44,17.9,77.206,13.856
2019-02-13 23:31:43,227,57.16,19.66,1.257,999.64,18,77.191,13.95
2019-02-13 23:41:44,221,50.59,11.8,0.978,999.79,18.1,77.405,14.09
2019-02-13 23:51:44,225,53.41,20.09,0.559,999.69,18.1,77.702,14.149
2019-02-14 00:01:45,214,43.71,20.97,0.419,999.85,18.1,77.939,14.196
2019-02-14 00:11:45,221,59.35,20.53,0.559,999.64,18.2,78.045,14.314
2019-02-14 00:21:47,225,47.15,18.78,0.419,999.64,18.2,78.175,14.339
2019-02-14 00:31:47,217,44.52,22.26,0.14,999.68,18.3,78.351,14.471
2019-02-14 00:41:48,218,37.75,7.86,0.14,999.54,18.3,78.389,14.478
2019-02-14 00:51:48,218,36.29,22.26,0.14,999.62,18.4,78.496,14.596
2019-02-14 01:01:49,216,38.56,19.62,0.14,999.56,18.5,78.503,14.695
2019-02-14 01:11:50,216,42.59,17.04,0,999.38,18.5,78.473,14.689
2019-02-14 01:21:51,148,34.08,21.4,0,999.32,18.6,78.503,14.792
2019-02-14 01:31:51,227,33.01,7.87,0.14,998.9,18.6,78.587,14.809
2019-02-14 01:41:52,223,36.2,14.86,0.14,998.98,18.7,78.602,14.909
2019-02-14 01:51:52,141,34.31,6.12,0.14,998.86,18.7,78.625,14.913
2019-02-14 02:01:53,219,38.02,21.85,0.14,999,18.8,78.648,15.015
2019-02-14 02:11:54,227,48.74,19.67,0.419,998.98,18.9,78.663,15.115
2019-02-14 02:21:54,219,48.92,21.39,0.419,998.9,19.1,78.579,15.292
2019-02-14 02:31:55,214,53.23,16.17,0.559,999.28,19.2,78.427,15.359
2019-02-14 02:41:56,224,44.23,20.04,0.419,999.14,19.2,78.412,15.356
2019-02-14 02:51:57,214,41.73,13.97,0.698,999.08,19.2,78.389,15.351
2019-02-14 03:01:57,220,47.4,24.88,1.676,998.98,19.3,78.312,15.433
2019-02-14 03:11:59,218,38.82,14.84,2.095,998.98,19.3,78.29,15.429
2019-02-14 03:21:59,229,56.35,31.44,2.375,999.3,19.4,78.114,15.491
2019-02-14 03:32:00,225,46.08,27.08,2.235,999.16,19.4,77.862,15.44
2019-02-14 03:41:59,214,38.75,19.21,2.235,998.74,19.3,78.015,15.374
2019-02-14 03:52:01,207,47.46,22.68,2.235,998.64,19.4,78.244,15.516
2019-02-14 04:02:00,218,48.5,20.52,2.095,998.32,19.5,78.297,15.624
2019-02-14 04:12:02,216,66.02,20.97,1.257,998.12,19.5,78.282,15.621
2019-02-14 04:22:02,222,42.29,19.19,0.838,998.28,19.5,78.488,15.662
2019-02-14 04:32:04,222,49.46,21.41,0.698,998.74,19.7,78.511,15.861
2019-02-14 04:42:05,228,44.02,16.15,0.698,998.58,19.6,78.473,15.756
2019-02-14 04:52:09,231,40.88,21.4,0.698,998.52,19.7,78.503,15.859
2019-02-14 05:02:06,222,53.33,17.04,0.419,998.4,19.7,78.45,15.848
2019-02-14 05:12:08,221,40.19,17.46,0.279,998.44,19.7,78.328,15.824
2019-02-14 05:22:07,221,44.86,22.71,0.279,998.5,19.8,78.183,15.892
2019-02-14 05:32:08,224,51.71,12.61,0.279,998,19.7,77.923,15.743
2019-02-14 05:42:12,218,48.99,21.31,0.14,998.1,19.7,77.862,15.731
2019-02-14 05:52:09,134,42,16.14,0.14,997.75,19.7,77.862,15.731
2019-02-14 06:02:09,144,58.71,19.66,0.14,997.71,19.7,77.824,15.723
2019-02-14 06:12:10,141,35.23,19.66,0.14,997.23,19.7,77.809,15.72
2019-02-14 06:22:10,136,26.02,6.99,0.279,997.77,19.6,77.778,15.617
2019-02-14 06:32:11,220,40.81,13.97,0.279,997.73,19.6,77.549,15.571
2019-02-14 06:42:12,228,59.93,19.18,0.559,997.27,19.7,77.527,15.664
2019-02-14 06:52:12,229,55.16,24.03,0.978,997.25,19.7,77.603,15.679
2019-02-14 07:02:13,217,70.63,17.04,1.397,996.85,19.8,77.794,15.814
2019-02-14 07:12:19,221,43.69,13.1,1.397,996.67,19.8,78.03,15.862
2019-02-14 07:22:14,223,57.81,33.52,1.537,996.42,20,77.977,16.045
2019-02-14 07:32:15,210,70.43,22.72,1.537,995.92,20,77.702,15.989
2019-02-14 07:42:15,216,69.14,35.79,1.397,995.7,19.9,77.702,15.893
2019-02-14 07:52:16,220,70.99,30.13,0.978,996.1,20.1,77.26,15.997
2019-02-14 08:02:17,232,72.33,36.66,1.537,995.68,20.2,76.863,16.013
2019-02-14 08:12:18,223,57.21,21.77,2.095,995.22,20.1,76.924,15.929
2019-02-14 08:22:24,220,70.86,18.79,2.654,995.24,20.1,77.199,15.985
2019-02-14 08:32:20,216,68.15,24.77,2.794,994.43,20.2,77.549,16.152
2019-02-14 08:42:20,219,74.84,38.01,3.073,994.31,20.3,77.687,16.277
2019-02-14 08:52:21,223,69.16,30.99,3.772,994.57,20.4,77.611,16.358
2019-02-14 09:02:20,225,75.09,29.26,4.61,994.47,20.5,77.282,16.389
2019-02-14 09:12:21,218,77.13,30.08,3.912,994.07,20.5,77.023,16.336
2019-02-14 09:22:22,228,79.81,41.43,6.426,994.51,20.5,76.748,16.28
2019-02-14 09:32:28,219,71.27,27.47,6.706,993.85,20.4,76.886,16.211
2019-02-14 09:42:24,224,79.6,17.48,7.125,993.81,20.4,77.054,16.245
2019-02-14 09:52:24,219,78.82,28.83,8.242,993.33,20.4,77.092,16.253
2019-02-14 10:02:24,231,78.12,31.01,8.941,993.27,20.4,77.122,16.259
2019-02-14 10:12:25,212,70.07,22.25,8.941,993.14,20.5,77.107,16.353
2019-02-14 10:22:26,235,73.66,22.65,8.522,992.95,20.4,76.84,16.202
2019-02-14 10:32:27,225,62.5,28.81,6.147,993.1,20.3,76.771,16.091
2019-02-14 10:42:29,221,79.14,53.64,6.706,992.88,20.3,76.832,16.104
2019-02-14 10:52:29,229,78.53,17.9,8.103,993.2,20.3,76.748,16.087
2019-02-14 11:02:35,214,79.17,39.71,6.985,993.26,20.3,76.619,16.06
2019-02-14 11:12:31,222,78.52,20.52,5.867,993.61,20.3,76.207,15.976
2019-02-14 11:22:31,223,79.29,28.3,6.426,993.06,20.2,75.856,15.807
2019-02-14 11:32:31,221,79.5,42.36,9.779,993.14,20.1,75.726,15.684
2019-02-14 11:42:31,223,78.76,42.3,11.316,993.26,20,75.596,15.56
2019-02-14 11:52:33,225,76.83,31.87,9.639,993.26,19.9,75.383,15.42
2019-02-14 12:02:32,223,78.94,35.33,9.5,993.27,19.8,75.322,15.311
2019-02-14 12:12:39,222,79.06,48.43,8.941,993.59,19.7,75.291,15.208
2019-02-14 12:22:34,213,79.19,43.63,10.198,993.35,19.6,75.284,15.11
2019-02-14 12:32:35,230,79.67,40.09,8.801,993.18,19.5,75.329,15.023
2019-02-14 12:42:37,245,78.96,37.12,7.125,993.61,19.3,75.398,14.844
2019-02-14 12:52:37,234,69.35,48.39,5.588,993.93,19.2,75.421,14.752
2019-02-14 13:02:37,231,79.12,43.59,5.728,994.05,19.1,75.505,14.673
2019-02-14 13:12:37,274,73.46,16.14,5.448,994.67,18.7,75.413,14.268
2019-02-14 13:22:43,281,41,12.66,4.889,995.08,18.3,76.008,14.003
2019-02-14 13:32:38,276,58.77,20.53,3.492,995.24,18,76.062,13.724
2019-02-14 13:42:43,262,28.86,8.3,2.654,995.26,17.6,76.169,13.359
2019-02-14 13:52:39,256,19.69,5.68,1.956,995.42,17.4,76.291,13.19
2019-02-14 14:02:40,245,21.62,12.23,1.537,995.46,17.3,76.214,13.078
